
         /\      Grafana   /‾‾/
    /\  /  \     |\  __   /  /
   /  \/    \    | |/ /  /   ‾‾\
  /          \   |   (  |  (‾)  |
 / __________ \  |_|\_\  \_____/


     execution: local
        script: evidencias/capitulo4-anexos-finales/06_carga/scripts/cap4_k6_load_200_500_1000.js
        output: -

     scenarios: (100.00%) 1 scenario, 50 max VUs, 1h30m30s max duration (incl. graceful stop):
              * checkout_load: 1000 iterations shared among 50 VUs (maxDuration: 1h30m0s, gracefulStop: 30s)


running (0h00m01.0s), 50/50 VUs, 0 complete and 0 interrupted iterations
checkout_load   [   0% ] 50 VUs  0h00m00.7s/1h30m0s  0000/1000 shared iters

running (0h00m02.0s), 50/50 VUs, 0 complete and 0 interrupted iterations
checkout_load   [   0% ] 50 VUs  0h00m01.7s/1h30m0s  0000/1000 shared iters

running (0h00m03.0s), 50/50 VUs, 0 complete and 0 interrupted iterations
checkout_load   [   0% ] 50 VUs  0h00m02.7s/1h30m0s  0000/1000 shared iters

running (0h00m04.0s), 50/50 VUs, 0 complete and 0 interrupted iterations
checkout_load   [   0% ] 50 VUs  0h00m03.7s/1h30m0s  0000/1000 shared iters
time="2026-06-14T12:57:50-05:00" level=info msg="TRACE|{\"scenario\":\"CARGA-1000\",\"checkoutId\":\"da4e689e-6ece-44be-b763-0dce6e4086ca\",\"status\":\"COMPLETED\",\"completed\":true}" source=console
time="2026-06-14T12:57:50-05:00" level=info msg="TRACE|{\"scenario\":\"CARGA-1000\",\"checkoutId\":\"8fc0e014-acb6-4330-b02c-dbd94ddc3c3f\",\"status\":\"COMPLETED\",\"completed\":true}" source=console

running (0h00m05.0s), 50/50 VUs, 2 complete and 0 interrupted iterations
checkout_load   [   0% ] 50 VUs  0h00m04.7s/1h30m0s  0002/1000 shared iters
time="2026-06-14T12:57:51-05:00" level=info msg="TRACE|{\"scenario\":\"CARGA-1000\",\"checkoutId\":\"27e26674-41c5-438b-a444-188a536d1b08\",\"status\":\"COMPLETED\",\"completed\":true}" source=console
time="2026-06-14T12:57:51-05:00" level=info msg="TRACE|{\"scenario\":\"CARGA-1000\",\"checkoutId\":\"f55e652d-d0a4-49e4-8c95-27a6bcc7465c\",\"status\":\"COMPLETED\",\"completed\":true}" source=console

running (0h00m06.0s), 50/50 VUs, 4 complete and 0 interrupted iterations
checkout_load   [   0% ] 50 VUs  0h00m05.7s/1h30m0s  0004/1000 shared iters
time="2026-06-14T12:57:52-05:00" level=info msg="TRACE|{\"scenario\":\"CARGA-1000\",\"checkoutId\":\"e8280be9-cd60-46e3-bad4-6d2c0b114adb\",\"status\":\"COMPLETED\",\"completed\":true}" source=console
time="2026-06-14T12:57:52-05:00" level=info msg="TRACE|{\"scenario\":\"CARGA-1000\",\"checkoutId\":\"b90c872f-48f7-4ded-a6ed-e5740c22aba7\",\"status\":\"COMPLETED\",\"completed\":true}" source=console

running (0h00m07.0s), 50/50 VUs, 6 complete and 0 interrupted iterations
checkout_load   [   1% ] 50 VUs  0h00m06.7s/1h30m0s  0006/1000 shared iters
time="2026-06-14T12:57:53-05:00" level=info msg="TRACE|{\"scenario\":\"CARGA-1000\",\"checkoutId\":\"abb7d77e-15b1-432b-a562-ce3bef4c6601\",\"status\":\"COMPLETED\",\"completed\":true}" source=console
time="2026-06-14T12:57:53-05:00" level=info msg="TRACE|{\"scenario\":\"CARGA-1000\",\"checkoutId\":\"20d5cd08-3d88-4c60-96e2-d81d737fa4b9\",\"status\":\"COMPLETED\",\"completed\":true}" source=console
time="2026-06-14T12:57:53-05:00" level=info msg="TRACE|{\"scenario\":\"CARGA-1000\",\"checkoutId\":\"f552d093-26c4-4967-83a8-92cdff4a6552\",\"status\":\"COMPLETED\",\"completed\":true}" source=console

running (0h00m08.0s), 50/50 VUs, 9 complete and 0 interrupted iterations
checkout_load   [   1% ] 50 VUs  0h00m07.7s/1h30m0s  0009/1000 shared iters
time="2026-06-14T12:57:54-05:00" level=info msg="TRACE|{\"scenario\":\"CARGA-1000\",\"checkoutId\":\"182b5dd7-e852-485c-9253-0b55826d4092\",\"status\":\"COMPLETED\",\"completed\":true}" source=console
time="2026-06-14T12:57:54-05:00" level=info msg="TRACE|{\"scenario\":\"CARGA-1000\",\"checkoutId\":\"a6ca6088-2bba-4f30-a641-ccf211ce0d61\",\"status\":\"COMPLETED\",\"completed\":true}" source=console

running (0h00m09.0s), 50/50 VUs, 11 complete and 0 interrupted iterations
checkout_load   [   1% ] 50 VUs  0h00m08.7s/1h30m0s  0011/1000 shared iters
time="2026-06-14T12:57:55-05:00" level=info msg="TRACE|{\"scenario\":\"CARGA-1000\",\"checkoutId\":\"88013da8-8cb7-49a2-a12f-e6cf8040a211\",\"status\":\"COMPLETED\",\"completed\":true}" source=console
time="2026-06-14T12:57:55-05:00" level=info msg="TRACE|{\"scenario\":\"CARGA-1000\",\"checkoutId\":\"e969fd8c-a06a-49a4-9349-21faa03e5b90\",\"status\":\"COMPLETED\",\"completed\":true}" source=console

running (0h00m10.0s), 50/50 VUs, 13 complete and 0 interrupted iterations
checkout_load   [   1% ] 50 VUs  0h00m09.7s/1h30m0s  0013/1000 shared iters
time="2026-06-14T12:57:56-05:00" level=info msg="TRACE|{\"scenario\":\"CARGA-1000\",\"checkoutId\":\"588d5f7a-3759-4d8d-9434-f880bc30681f\",\"status\":\"COMPLETED\",\"completed\":true}" source=console
time="2026-06-14T12:57:56-05:00" level=info msg="TRACE|{\"scenario\":\"CARGA-1000\",\"checkoutId\":\"40947d35-585a-4e13-ac11-331246a3406b\",\"status\":\"COMPLETED\",\"completed\":true}" source=console

running (0h00m11.0s), 50/50 VUs, 15 complete and 0 interrupted iterations
checkout_load   [   2% ] 50 VUs  0h00m10.7s/1h30m0s  0015/1000 shared iters
time="2026-06-14T12:57:57-05:00" level=info msg="TRACE|{\"scenario\":\"CARGA-1000\",\"checkoutId\":\"e70d67c3-ac19-4b28-a131-59900fa91a22\",\"status\":\"COMPLETED\",\"completed\":true}" source=console

running (0h00m12.0s), 50/50 VUs, 16 complete and 0 interrupted iterations
checkout_load   [   2% ] 50 VUs  0h00m11.7s/1h30m0s  0016/1000 shared iters
time="2026-06-14T12:57:58-05:00" level=info msg="TRACE|{\"scenario\":\"CARGA-1000\",\"checkoutId\":\"13498363-ad9b-40d2-b3af-cd17f761f79a\",\"status\":\"COMPLETED\",\"completed\":true}" source=console

running (0h00m13.0s), 50/50 VUs, 17 complete and 0 interrupted iterations
checkout_load   [   2% ] 50 VUs  0h00m12.7s/1h30m0s  0017/1000 shared iters
time="2026-06-14T12:57:59-05:00" level=info msg="TRACE|{\"scenario\":\"CARGA-1000\",\"checkoutId\":\"72046b01-970b-4e85-aef7-9c5bc380239c\",\"status\":\"COMPLETED\",\"completed\":true}" source=console
time="2026-06-14T12:57:59-05:00" level=info msg="TRACE|{\"scenario\":\"CARGA-1000\",\"checkoutId\":\"df285388-b815-48bb-ba95-82c28f53b7bf\",\"status\":\"COMPLETED\",\"completed\":true}" source=console

running (0h00m14.0s), 50/50 VUs, 19 complete and 0 interrupted iterations
checkout_load   [   2% ] 50 VUs  0h00m13.7s/1h30m0s  0019/1000 shared iters
time="2026-06-14T12:58:00-05:00" level=info msg="TRACE|{\"scenario\":\"CARGA-1000\",\"checkoutId\":\"7a8e06fe-675c-4ced-a48d-a21c6fdf5e2d\",\"status\":\"COMPLETED\",\"completed\":true}" source=console
time="2026-06-14T12:58:00-05:00" level=info msg="TRACE|{\"scenario\":\"CARGA-1000\",\"checkoutId\":\"cc351ee0-ace7-441a-ab67-7034632537df\",\"status\":\"COMPLETED\",\"completed\":true}" source=console
time="2026-06-14T12:58:00-05:00" level=info msg="TRACE|{\"scenario\":\"CARGA-1000\",\"checkoutId\":\"6944967e-a6cc-4c6e-a0f6-42b951054c16\",\"status\":\"COMPLETED\",\"completed\":true}" source=console

running (0h00m15.0s), 50/50 VUs, 22 complete and 0 interrupted iterations
checkout_load   [   2% ] 50 VUs  0h00m14.7s/1h30m0s  0022/1000 shared iters
time="2026-06-14T12:58:01-05:00" level=info msg="TRACE|{\"scenario\":\"CARGA-1000\",\"checkoutId\":\"ddd62d87-759e-48d7-8cc2-67ce3429b4ec\",\"status\":\"COMPLETED\",\"completed\":true}" source=console
time="2026-06-14T12:58:01-05:00" level=info msg="TRACE|{\"scenario\":\"CARGA-1000\",\"checkoutId\":\"f40cec6f-3baa-4203-96a2-2ac460361135\",\"status\":\"COMPLETED\",\"completed\":true}" source=console

running (0h00m16.0s), 50/50 VUs, 24 complete and 0 interrupted iterations
checkout_load   [   2% ] 50 VUs  0h00m15.7s/1h30m0s  0024/1000 shared iters
time="2026-06-14T12:58:02-05:00" level=info msg="TRACE|{\"scenario\":\"CARGA-1000\",\"checkoutId\":\"541a9ea6-2c12-41ca-8d6f-a470b11f386f\",\"status\":\"COMPLETED\",\"completed\":true}" source=console
time="2026-06-14T12:58:02-05:00" level=info msg="TRACE|{\"scenario\":\"CARGA-1000\",\"checkoutId\":\"2fe8c84b-0d17-4ab0-b5d9-380d6b4016b7\",\"status\":\"COMPLETED\",\"completed\":true}" source=console

running (0h00m17.0s), 50/50 VUs, 26 complete and 0 interrupted iterations
checkout_load   [   3% ] 50 VUs  0h00m16.7s/1h30m0s  0026/1000 shared iters
time="2026-06-14T12:58:03-05:00" level=info msg="TRACE|{\"scenario\":\"CARGA-1000\",\"checkoutId\":\"91ba4a19-724c-48ba-9414-538c45c9ab15\",\"status\":\"COMPLETED\",\"completed\":true}" source=console
time="2026-06-14T12:58:03-05:00" level=info msg="TRACE|{\"scenario\":\"CARGA-1000\",\"checkoutId\":\"05b732f9-dcd2-492c-84d3-045b25ef8c22\",\"status\":\"COMPLETED\",\"completed\":true}" source=console

running (0h00m18.0s), 50/50 VUs, 28 complete and 0 interrupted iterations
checkout_load   [   3% ] 50 VUs  0h00m17.7s/1h30m0s  0028/1000 shared iters
time="2026-06-14T12:58:04-05:00" level=info msg="TRACE|{\"scenario\":\"CARGA-1000\",\"checkoutId\":\"ad692e9c-a2da-4ac0-bf10-2e129710b30a\",\"status\":\"COMPLETED\",\"completed\":true}" source=console
time="2026-06-14T12:58:04-05:00" level=info msg="TRACE|{\"scenario\":\"CARGA-1000\",\"checkoutId\":\"5066e571-51df-419c-8ea9-0cbeeddfd022\",\"status\":\"COMPLETED\",\"completed\":true}" source=console

running (0h00m19.0s), 50/50 VUs, 30 complete and 0 interrupted iterations
checkout_load   [   3% ] 50 VUs  0h00m18.7s/1h30m0s  0030/1000 shared iters
time="2026-06-14T12:58:05-05:00" level=info msg="TRACE|{\"scenario\":\"CARGA-1000\",\"checkoutId\":\"a3efbb53-576b-44c6-a65c-7565a720ef2d\",\"status\":\"COMPLETED\",\"completed\":true}" source=console
time="2026-06-14T12:58:05-05:00" level=info msg="TRACE|{\"scenario\":\"CARGA-1000\",\"checkoutId\":\"a838b6e4-5586-4371-b047-acf9f80b7390\",\"status\":\"COMPLETED\",\"completed\":true}" source=console

running (0h00m20.0s), 50/50 VUs, 32 complete and 0 interrupted iterations
checkout_load   [   3% ] 50 VUs  0h00m19.7s/1h30m0s  0032/1000 shared iters
time="2026-06-14T12:58:06-05:00" level=info msg="TRACE|{\"scenario\":\"CARGA-1000\",\"checkoutId\":\"5d6b0246-137f-474c-9f03-17e1ee26429c\",\"status\":\"COMPLETED\",\"completed\":true}" source=console
time="2026-06-14T12:58:06-05:00" level=info msg="TRACE|{\"scenario\":\"CARGA-1000\",\"checkoutId\":\"8c6bed96-e3af-4662-b6dd-ebef80984204\",\"status\":\"COMPLETED\",\"completed\":true}" source=console
time="2026-06-14T12:58:06-05:00" level=info msg="TRACE|{\"scenario\":\"CARGA-1000\",\"checkoutId\":\"45559250-856e-4893-a98c-96c8dfb112b3\",\"status\":\"COMPLETED\",\"completed\":true}" source=console

running (0h00m21.0s), 50/50 VUs, 35 complete and 0 interrupted iterations
checkout_load   [   4% ] 50 VUs  0h00m20.7s/1h30m0s  0035/1000 shared iters
time="2026-06-14T12:58:08-05:00" level=info msg="TRACE|{\"scenario\":\"CARGA-1000\",\"checkoutId\":\"db3d9fcb-106a-4555-8b21-2b94a4807d7a\",\"status\":\"COMPLETED\",\"completed\":true}" source=console
time="2026-06-14T12:58:08-05:00" level=info msg="TRACE|{\"scenario\":\"CARGA-1000\",\"checkoutId\":\"b3c723d4-5ea6-407b-a869-1f21803f1773\",\"status\":\"COMPLETED\",\"completed\":true}" source=console

running (0h00m22.0s), 50/50 VUs, 37 complete and 0 interrupted iterations
checkout_load   [   4% ] 50 VUs  0h00m21.7s/1h30m0s  0037/1000 shared iters
time="2026-06-14T12:58:08-05:00" level=info msg="TRACE|{\"scenario\":\"CARGA-1000\",\"checkoutId\":\"4047a315-5d41-403b-a598-97835bcd1eb9\",\"status\":\"COMPLETED\",\"completed\":true}" source=console
time="2026-06-14T12:58:09-05:00" level=info msg="TRACE|{\"scenario\":\"CARGA-1000\",\"checkoutId\":\"fca8e9ec-4f6a-4e59-a42e-27d89bffd75b\",\"status\":\"COMPLETED\",\"completed\":true}" source=console

running (0h00m23.0s), 50/50 VUs, 39 complete and 0 interrupted iterations
checkout_load   [   4% ] 50 VUs  0h00m22.7s/1h30m0s  0039/1000 shared iters
time="2026-06-14T12:58:09-05:00" level=info msg="TRACE|{\"scenario\":\"CARGA-1000\",\"checkoutId\":\"e8a9ff71-087c-4d94-a27d-3b9235be1312\",\"status\":\"COMPLETED\",\"completed\":true}" source=console

running (0h00m24.0s), 50/50 VUs, 40 complete and 0 interrupted iterations
checkout_load   [   4% ] 50 VUs  0h00m23.7s/1h30m0s  0040/1000 shared iters
time="2026-06-14T12:58:10-05:00" level=info msg="TRACE|{\"scenario\":\"CARGA-1000\",\"checkoutId\":\"411d22ee-b4de-4977-8326-b138aff942ca\",\"status\":\"COMPLETED\",\"completed\":true}" source=console

running (0h00m25.0s), 50/50 VUs, 41 complete and 0 interrupted iterations
checkout_load   [   4% ] 50 VUs  0h00m24.7s/1h30m0s  0041/1000 shared iters
time="2026-06-14T12:58:11-05:00" level=info msg="TRACE|{\"scenario\":\"CARGA-1000\",\"checkoutId\":\"6abddbba-9e18-4b47-bbec-aca56d77d6ff\",\"status\":\"COMPLETED\",\"completed\":true}" source=console
time="2026-06-14T12:58:11-05:00" level=info msg="TRACE|{\"scenario\":\"CARGA-1000\",\"checkoutId\":\"43c93599-3409-4280-8a70-7d9beab8c7de\",\"status\":\"COMPLETED\",\"completed\":true}" source=console

running (0h00m26.0s), 50/50 VUs, 43 complete and 0 interrupted iterations
checkout_load   [   4% ] 50 VUs  0h00m25.7s/1h30m0s  0043/1000 shared iters
time="2026-06-14T12:58:12-05:00" level=info msg="TRACE|{\"scenario\":\"CARGA-1000\",\"checkoutId\":\"1bd14880-3f36-421e-bd83-918e42598a16\",\"status\":\"COMPLETED\",\"completed\":true}" source=console
time="2026-06-14T12:58:12-05:00" level=info msg="TRACE|{\"scenario\":\"CARGA-1000\",\"checkoutId\":\"8de76c04-f3af-4899-b586-c39831a87b39\",\"status\":\"COMPLETED\",\"completed\":true}" source=console
time="2026-06-14T12:58:12-05:00" level=info msg="TRACE|{\"scenario\":\"CARGA-1000\",\"checkoutId\":\"e6dea5eb-78fd-4feb-8384-c541a1cc02d4\",\"status\":\"COMPLETED\",\"completed\":true}" source=console

running (0h00m27.0s), 50/50 VUs, 46 complete and 0 interrupted iterations
checkout_load   [   5% ] 50 VUs  0h00m26.7s/1h30m0s  0046/1000 shared iters
time="2026-06-14T12:58:13-05:00" level=info msg="TRACE|{\"scenario\":\"CARGA-1000\",\"checkoutId\":\"cd18347c-d383-442f-a31a-75d1e1ff5ea1\",\"status\":\"COMPLETED\",\"completed\":true}" source=console
time="2026-06-14T12:58:13-05:00" level=info msg="TRACE|{\"scenario\":\"CARGA-1000\",\"checkoutId\":\"2cc64b1d-bb5d-4ca8-96a7-bad5643b0f24\",\"status\":\"COMPLETED\",\"completed\":true}" source=console

running (0h00m28.0s), 50/50 VUs, 48 complete and 0 interrupted iterations
checkout_load   [   5% ] 50 VUs  0h00m27.7s/1h30m0s  0048/1000 shared iters
time="2026-06-14T12:58:14-05:00" level=info msg="TRACE|{\"scenario\":\"CARGA-1000\",\"checkoutId\":\"a071ce54-78db-4fa0-ba10-071661a07170\",\"status\":\"COMPLETED\",\"completed\":true}" source=console
time="2026-06-14T12:58:14-05:00" level=info msg="TRACE|{\"scenario\":\"CARGA-1000\",\"checkoutId\":\"074a581d-190f-41fd-89c4-a4a243198111\",\"status\":\"COMPLETED\",\"completed\":true}" source=console

running (0h00m29.0s), 50/50 VUs, 50 complete and 0 interrupted iterations
checkout_load   [   5% ] 50 VUs  0h00m28.7s/1h30m0s  0050/1000 shared iters
time="2026-06-14T12:58:15-05:00" level=info msg="TRACE|{\"scenario\":\"CARGA-1000\",\"checkoutId\":\"f9d7a7ef-de85-4a53-9ecd-563992dd2ea8\",\"status\":\"COMPLETED\",\"completed\":true}" source=console
time="2026-06-14T12:58:15-05:00" level=info msg="TRACE|{\"scenario\":\"CARGA-1000\",\"checkoutId\":\"5ec640b0-3030-4b80-adff-cf1c3d5f3cad\",\"status\":\"COMPLETED\",\"completed\":true}" source=console

running (0h00m30.0s), 50/50 VUs, 52 complete and 0 interrupted iterations
checkout_load   [   5% ] 50 VUs  0h00m29.7s/1h30m0s  0052/1000 shared iters
time="2026-06-14T12:58:16-05:00" level=info msg="TRACE|{\"scenario\":\"CARGA-1000\",\"checkoutId\":\"63091890-7050-4cbc-ac72-61e93d2d2939\",\"status\":\"COMPLETED\",\"completed\":true}" source=console
time="2026-06-14T12:58:16-05:00" level=info msg="TRACE|{\"scenario\":\"CARGA-1000\",\"checkoutId\":\"97b3aa1b-4b64-47d2-a76f-34423121175a\",\"status\":\"COMPLETED\",\"completed\":true}" source=console

running (0h00m31.0s), 50/50 VUs, 54 complete and 0 interrupted iterations
checkout_load   [   5% ] 50 VUs  0h00m30.7s/1h30m0s  0054/1000 shared iters
time="2026-06-14T12:58:17-05:00" level=info msg="TRACE|{\"scenario\":\"CARGA-1000\",\"checkoutId\":\"ff96d81b-4f8d-4773-8319-0e75c63ee39c\",\"status\":\"COMPLETED\",\"completed\":true}" source=console

running (0h00m32.0s), 50/50 VUs, 55 complete and 0 interrupted iterations
checkout_load   [   6% ] 50 VUs  0h00m31.7s/1h30m0s  0055/1000 shared iters
time="2026-06-14T12:58:18-05:00" level=info msg="TRACE|{\"scenario\":\"CARGA-1000\",\"checkoutId\":\"2faf3c70-cbcc-4224-b715-280ffd91af50\",\"status\":\"COMPLETED\",\"completed\":true}" source=console
time="2026-06-14T12:58:18-05:00" level=info msg="TRACE|{\"scenario\":\"CARGA-1000\",\"checkoutId\":\"49d0ee07-424c-44bd-987b-05f1c1535a38\",\"status\":\"COMPLETED\",\"completed\":true}" source=console

running (0h00m33.0s), 50/50 VUs, 57 complete and 0 interrupted iterations
checkout_load   [   6% ] 50 VUs  0h00m32.7s/1h30m0s  0057/1000 shared iters
time="2026-06-14T12:58:19-05:00" level=info msg="TRACE|{\"scenario\":\"CARGA-1000\",\"checkoutId\":\"c87b293c-2c74-42c2-a214-a3dca9630dfe\",\"status\":\"COMPLETED\",\"completed\":true}" source=console
time="2026-06-14T12:58:19-05:00" level=info msg="TRACE|{\"scenario\":\"CARGA-1000\",\"checkoutId\":\"ac651722-b207-490e-9d2c-8abc4d21a801\",\"status\":\"COMPLETED\",\"completed\":true}" source=console

running (0h00m34.0s), 50/50 VUs, 59 complete and 0 interrupted iterations
checkout_load   [   6% ] 50 VUs  0h00m33.7s/1h30m0s  0059/1000 shared iters
time="2026-06-14T12:58:20-05:00" level=info msg="TRACE|{\"scenario\":\"CARGA-1000\",\"checkoutId\":\"d02efa77-9ddc-407b-9597-bedc7651ddf7\",\"status\":\"COMPLETED\",\"completed\":true}" source=console
time="2026-06-14T12:58:20-05:00" level=info msg="TRACE|{\"scenario\":\"CARGA-1000\",\"checkoutId\":\"4f9ea782-b150-4706-96ed-c66ee69e68c7\",\"status\":\"COMPLETED\",\"completed\":true}" source=console

running (0h00m35.0s), 50/50 VUs, 61 complete and 0 interrupted iterations
checkout_load   [   6% ] 50 VUs  0h00m34.7s/1h30m0s  0061/1000 shared iters
time="2026-06-14T12:58:21-05:00" level=info msg="TRACE|{\"scenario\":\"CARGA-1000\",\"checkoutId\":\"95acb6e7-b504-4eaa-9e87-f80d2db3f8dd\",\"status\":\"COMPLETED\",\"completed\":true}" source=console
time="2026-06-14T12:58:21-05:00" level=info msg="TRACE|{\"scenario\":\"CARGA-1000\",\"checkoutId\":\"a10534e2-d6a3-4d0f-b040-572502fabdda\",\"status\":\"COMPLETED\",\"completed\":true}" source=console

running (0h00m36.0s), 50/50 VUs, 63 complete and 0 interrupted iterations
checkout_load   [   6% ] 50 VUs  0h00m35.7s/1h30m0s  0063/1000 shared iters
time="2026-06-14T12:58:22-05:00" level=info msg="TRACE|{\"scenario\":\"CARGA-1000\",\"checkoutId\":\"b5373fed-3925-4823-a47a-ef1fe8a38e27\",\"status\":\"COMPLETED\",\"completed\":true}" source=console
time="2026-06-14T12:58:22-05:00" level=info msg="TRACE|{\"scenario\":\"CARGA-1000\",\"checkoutId\":\"84610029-4eb1-4abf-836a-09cd3a1678c6\",\"status\":\"COMPLETED\",\"completed\":true}" source=console
time="2026-06-14T12:58:22-05:00" level=info msg="TRACE|{\"scenario\":\"CARGA-1000\",\"checkoutId\":\"88c25ee7-a6e0-4bc2-b68f-27c5434cb90b\",\"status\":\"COMPLETED\",\"completed\":true}" source=console

running (0h00m37.0s), 50/50 VUs, 66 complete and 0 interrupted iterations
checkout_load   [   7% ] 50 VUs  0h00m36.7s/1h30m0s  0066/1000 shared iters
time="2026-06-14T12:58:23-05:00" level=info msg="TRACE|{\"scenario\":\"CARGA-1000\",\"checkoutId\":\"1e8ac007-cc5a-4a57-ae90-b8abcb9da95b\",\"status\":\"COMPLETED\",\"completed\":true}" source=console
time="2026-06-14T12:58:23-05:00" level=info msg="TRACE|{\"scenario\":\"CARGA-1000\",\"checkoutId\":\"17586ed7-2fb3-4783-ba03-edc7c0331f20\",\"status\":\"COMPLETED\",\"completed\":true}" source=console

running (0h00m38.0s), 50/50 VUs, 68 complete and 0 interrupted iterations
checkout_load   [   7% ] 50 VUs  0h00m37.7s/1h30m0s  0068/1000 shared iters
time="2026-06-14T12:58:24-05:00" level=info msg="TRACE|{\"scenario\":\"CARGA-1000\",\"checkoutId\":\"45b5c98c-571a-4495-a8da-887adc181813\",\"status\":\"COMPLETED\",\"completed\":true}" source=console
time="2026-06-14T12:58:24-05:00" level=info msg="TRACE|{\"scenario\":\"CARGA-1000\",\"checkoutId\":\"22d2b272-5ebd-424e-aba9-00dfc270f481\",\"status\":\"COMPLETED\",\"completed\":true}" source=console

running (0h00m39.0s), 50/50 VUs, 70 complete and 0 interrupted iterations
checkout_load   [   7% ] 50 VUs  0h00m38.7s/1h30m0s  0070/1000 shared iters
time="2026-06-14T12:58:25-05:00" level=info msg="TRACE|{\"scenario\":\"CARGA-1000\",\"checkoutId\":\"f123dc24-99ac-48b2-8557-ddcab625a9b8\",\"status\":\"COMPLETED\",\"completed\":true}" source=console

running (0h00m40.0s), 50/50 VUs, 71 complete and 0 interrupted iterations
checkout_load   [   7% ] 50 VUs  0h00m39.7s/1h30m0s  0071/1000 shared iters
time="2026-06-14T12:58:26-05:00" level=info msg="TRACE|{\"scenario\":\"CARGA-1000\",\"checkoutId\":\"d55309a7-d184-413f-8923-db0bf45c7c64\",\"status\":\"COMPLETED\",\"completed\":true}" source=console
time="2026-06-14T12:58:26-05:00" level=info msg="TRACE|{\"scenario\":\"CARGA-1000\",\"checkoutId\":\"592695cc-3897-4932-9b98-85364b5373dd\",\"status\":\"COMPLETED\",\"completed\":true}" source=console
time="2026-06-14T12:58:26-05:00" level=info msg="TRACE|{\"scenario\":\"CARGA-1000\",\"checkoutId\":\"349908a6-32a2-4972-bb89-ae5b1e7a4526\",\"status\":\"COMPLETED\",\"completed\":true}" source=console

running (0h00m41.0s), 50/50 VUs, 74 complete and 0 interrupted iterations
checkout_load   [   7% ] 50 VUs  0h00m40.7s/1h30m0s  0074/1000 shared iters

running (0h00m42.0s), 50/50 VUs, 74 complete and 0 interrupted iterations
checkout_load   [   7% ] 50 VUs  0h00m41.7s/1h30m0s  0074/1000 shared iters
time="2026-06-14T12:58:28-05:00" level=info msg="TRACE|{\"scenario\":\"CARGA-1000\",\"checkoutId\":\"f8c749a7-3a20-414b-85dd-0fb35d1b566d\",\"status\":\"COMPLETED\",\"completed\":true}" source=console
time="2026-06-14T12:58:28-05:00" level=info msg="TRACE|{\"scenario\":\"CARGA-1000\",\"checkoutId\":\"d8ed556b-14d7-4be4-9573-ba53c43ed320\",\"status\":\"COMPLETED\",\"completed\":true}" source=console

running (0h00m43.0s), 50/50 VUs, 76 complete and 0 interrupted iterations
checkout_load   [   8% ] 50 VUs  0h00m42.7s/1h30m0s  0076/1000 shared iters
time="2026-06-14T12:58:29-05:00" level=info msg="TRACE|{\"scenario\":\"CARGA-1000\",\"checkoutId\":\"90d94040-db35-4e18-81e1-eb75c4d847d5\",\"status\":\"COMPLETED\",\"completed\":true}" source=console
time="2026-06-14T12:58:29-05:00" level=info msg="TRACE|{\"scenario\":\"CARGA-1000\",\"checkoutId\":\"4b570703-66e9-4cfc-bcab-b631df10e28d\",\"status\":\"COMPLETED\",\"completed\":true}" source=console
time="2026-06-14T12:58:29-05:00" level=info msg="TRACE|{\"scenario\":\"CARGA-1000\",\"checkoutId\":\"d64d9fb6-1758-4ec5-88ae-7d0105fd0e8e\",\"status\":\"COMPLETED\",\"completed\":true}" source=console

running (0h00m44.0s), 50/50 VUs, 79 complete and 0 interrupted iterations
checkout_load   [   8% ] 50 VUs  0h00m43.7s/1h30m0s  0079/1000 shared iters
time="2026-06-14T12:58:30-05:00" level=info msg="TRACE|{\"scenario\":\"CARGA-1000\",\"checkoutId\":\"a3491ca2-54fc-4fae-917f-f89ecc012e91\",\"status\":\"COMPLETED\",\"completed\":true}" source=console

running (0h00m45.0s), 50/50 VUs, 80 complete and 0 interrupted iterations
checkout_load   [   8% ] 50 VUs  0h00m44.7s/1h30m0s  0080/1000 shared iters
time="2026-06-14T12:58:31-05:00" level=info msg="TRACE|{\"scenario\":\"CARGA-1000\",\"checkoutId\":\"8468c5cf-617c-4bf5-9d51-f9237a08bf62\",\"status\":\"COMPLETED\",\"completed\":true}" source=console
time="2026-06-14T12:58:31-05:00" level=info msg="TRACE|{\"scenario\":\"CARGA-1000\",\"checkoutId\":\"2ca5030d-ce73-4924-a52d-c83b91b52150\",\"status\":\"COMPLETED\",\"completed\":true}" source=console
time="2026-06-14T12:58:31-05:00" level=info msg="TRACE|{\"scenario\":\"CARGA-1000\",\"checkoutId\":\"1976bb64-dfcb-4169-a97a-1885b1325bf3\",\"status\":\"COMPLETED\",\"completed\":true}" source=console

running (0h00m46.0s), 50/50 VUs, 83 complete and 0 interrupted iterations
checkout_load   [   8% ] 50 VUs  0h00m45.7s/1h30m0s  0083/1000 shared iters
time="2026-06-14T12:58:32-05:00" level=info msg="TRACE|{\"scenario\":\"CARGA-1000\",\"checkoutId\":\"296f5a78-19d8-4d76-955f-d547e7145b9e\",\"status\":\"COMPLETED\",\"completed\":true}" source=console
time="2026-06-14T12:58:32-05:00" level=info msg="TRACE|{\"scenario\":\"CARGA-1000\",\"checkoutId\":\"0549cb4e-23de-405a-b712-563cf8e51c5d\",\"status\":\"COMPLETED\",\"completed\":true}" source=console

running (0h00m47.0s), 50/50 VUs, 85 complete and 0 interrupted iterations
checkout_load   [   8% ] 50 VUs  0h00m46.7s/1h30m0s  0085/1000 shared iters
time="2026-06-14T12:58:33-05:00" level=info msg="TRACE|{\"scenario\":\"CARGA-1000\",\"checkoutId\":\"81fe7336-8199-49f1-ae54-46426f771a72\",\"status\":\"COMPLETED\",\"completed\":true}" source=console
time="2026-06-14T12:58:33-05:00" level=info msg="TRACE|{\"scenario\":\"CARGA-1000\",\"checkoutId\":\"d0b78e63-c91a-45b3-bf41-ffa6f527a1f8\",\"status\":\"COMPLETED\",\"completed\":true}" source=console

running (0h00m48.0s), 50/50 VUs, 87 complete and 0 interrupted iterations
checkout_load   [   9% ] 50 VUs  0h00m47.7s/1h30m0s  0087/1000 shared iters
time="2026-06-14T12:58:34-05:00" level=info msg="TRACE|{\"scenario\":\"CARGA-1000\",\"checkoutId\":\"184df8e3-f0be-408a-8ef9-efe5e8059c13\",\"status\":\"COMPLETED\",\"completed\":true}" source=console
time="2026-06-14T12:58:34-05:00" level=info msg="TRACE|{\"scenario\":\"CARGA-1000\",\"checkoutId\":\"b479103e-da32-4d9b-8ebc-062912190ca5\",\"status\":\"COMPLETED\",\"completed\":true}" source=console

running (0h00m49.0s), 50/50 VUs, 89 complete and 0 interrupted iterations
checkout_load   [   9% ] 50 VUs  0h00m48.7s/1h30m0s  0089/1000 shared iters
time="2026-06-14T12:58:35-05:00" level=info msg="TRACE|{\"scenario\":\"CARGA-1000\",\"checkoutId\":\"7ea6f8fd-126a-44a9-848d-0c0455c136a7\",\"status\":\"COMPLETED\",\"completed\":true}" source=console
time="2026-06-14T12:58:36-05:00" level=info msg="TRACE|{\"scenario\":\"CARGA-1000\",\"checkoutId\":\"ac57af56-a367-47f2-ba1b-54cc4e5d0475\",\"status\":\"COMPLETED\",\"completed\":true}" source=console

running (0h00m50.0s), 50/50 VUs, 91 complete and 0 interrupted iterations
checkout_load   [   9% ] 50 VUs  0h00m49.7s/1h30m0s  0091/1000 shared iters
time="2026-06-14T12:58:36-05:00" level=info msg="TRACE|{\"scenario\":\"CARGA-1000\",\"checkoutId\":\"88ef0a62-34ef-4c1d-b74a-4fa0f7321d86\",\"status\":\"COMPLETED\",\"completed\":true}" source=console

running (0h00m51.0s), 50/50 VUs, 92 complete and 0 interrupted iterations
checkout_load   [   9% ] 50 VUs  0h00m50.7s/1h30m0s  0092/1000 shared iters
time="2026-06-14T12:58:37-05:00" level=info msg="TRACE|{\"scenario\":\"CARGA-1000\",\"checkoutId\":\"0b11ed8a-2bbf-44fd-9c33-70d8b7747675\",\"status\":\"COMPLETED\",\"completed\":true}" source=console
time="2026-06-14T12:58:37-05:00" level=info msg="TRACE|{\"scenario\":\"CARGA-1000\",\"checkoutId\":\"b16ffd3c-354b-4c3d-921c-8e7f35d04c2c\",\"status\":\"COMPLETED\",\"completed\":true}" source=console
time="2026-06-14T12:58:38-05:00" level=info msg="TRACE|{\"scenario\":\"CARGA-1000\",\"checkoutId\":\"a0ac1cd7-dd33-4c42-9bf7-69cc651e587c\",\"status\":\"COMPLETED\",\"completed\":true}" source=console

running (0h00m52.0s), 50/50 VUs, 95 complete and 0 interrupted iterations
checkout_load   [  10% ] 50 VUs  0h00m51.7s/1h30m0s  0095/1000 shared iters
time="2026-06-14T12:58:38-05:00" level=info msg="TRACE|{\"scenario\":\"CARGA-1000\",\"checkoutId\":\"81132774-f30b-4df3-9be7-3282fe681476\",\"status\":\"COMPLETED\",\"completed\":true}" source=console
time="2026-06-14T12:58:38-05:00" level=info msg="TRACE|{\"scenario\":\"CARGA-1000\",\"checkoutId\":\"312a26e1-0120-40d4-ba91-a9230cd4df62\",\"status\":\"COMPLETED\",\"completed\":true}" source=console

running (0h00m53.0s), 50/50 VUs, 97 complete and 0 interrupted iterations
checkout_load   [  10% ] 50 VUs  0h00m52.7s/1h30m0s  0097/1000 shared iters
time="2026-06-14T12:58:39-05:00" level=info msg="TRACE|{\"scenario\":\"CARGA-1000\",\"checkoutId\":\"41f385a2-1981-44ce-9096-09d9a78221e5\",\"status\":\"COMPLETED\",\"completed\":true}" source=console
time="2026-06-14T12:58:39-05:00" level=info msg="TRACE|{\"scenario\":\"CARGA-1000\",\"checkoutId\":\"05f80158-1a20-4ddf-b5af-0384ed90a048\",\"status\":\"COMPLETED\",\"completed\":true}" source=console

running (0h00m54.0s), 50/50 VUs, 99 complete and 0 interrupted iterations
checkout_load   [  10% ] 50 VUs  0h00m53.7s/1h30m0s  0099/1000 shared iters
time="2026-06-14T12:58:40-05:00" level=info msg="TRACE|{\"scenario\":\"CARGA-1000\",\"checkoutId\":\"5e2ad219-6204-4fea-9650-170fd9f47825\",\"status\":\"COMPLETED\",\"completed\":true}" source=console
time="2026-06-14T12:58:41-05:00" level=info msg="TRACE|{\"scenario\":\"CARGA-1000\",\"checkoutId\":\"8598ee86-a9c1-4b75-9880-77babdaee23f\",\"status\":\"COMPLETED\",\"completed\":true}" source=console

running (0h00m55.0s), 50/50 VUs, 101 complete and 0 interrupted iterations
checkout_load   [  10% ] 50 VUs  0h00m54.7s/1h30m0s  0101/1000 shared iters
time="2026-06-14T12:58:41-05:00" level=info msg="TRACE|{\"scenario\":\"CARGA-1000\",\"checkoutId\":\"3c6be305-4e64-4843-8e9b-edf741d4acd9\",\"status\":\"COMPLETED\",\"completed\":true}" source=console

running (0h00m56.0s), 50/50 VUs, 102 complete and 0 interrupted iterations
checkout_load   [  10% ] 50 VUs  0h00m55.7s/1h30m0s  0102/1000 shared iters
time="2026-06-14T12:58:42-05:00" level=info msg="TRACE|{\"scenario\":\"CARGA-1000\",\"checkoutId\":\"a567660c-ace9-4121-a906-cf639d0c20be\",\"status\":\"COMPLETED\",\"completed\":true}" source=console
time="2026-06-14T12:58:42-05:00" level=info msg="TRACE|{\"scenario\":\"CARGA-1000\",\"checkoutId\":\"85b09e53-30cd-42b0-b220-fed8ef10aed2\",\"status\":\"COMPLETED\",\"completed\":true}" source=console

running (0h00m57.0s), 50/50 VUs, 104 complete and 0 interrupted iterations
checkout_load   [  10% ] 50 VUs  0h00m56.7s/1h30m0s  0104/1000 shared iters
time="2026-06-14T12:58:43-05:00" level=info msg="TRACE|{\"scenario\":\"CARGA-1000\",\"checkoutId\":\"82cd7e8b-70f1-4e00-87b1-368d585e1466\",\"status\":\"COMPLETED\",\"completed\":true}" source=console
time="2026-06-14T12:58:43-05:00" level=info msg="TRACE|{\"scenario\":\"CARGA-1000\",\"checkoutId\":\"6b856a70-783d-4c4f-9f53-14d896044095\",\"status\":\"COMPLETED\",\"completed\":true}" source=console
time="2026-06-14T12:58:43-05:00" level=info msg="TRACE|{\"scenario\":\"CARGA-1000\",\"checkoutId\":\"6db5df34-2c27-4cf1-a942-04851f8a08b7\",\"status\":\"COMPLETED\",\"completed\":true}" source=console

running (0h00m58.0s), 50/50 VUs, 107 complete and 0 interrupted iterations
checkout_load   [  11% ] 50 VUs  0h00m57.7s/1h30m0s  0107/1000 shared iters
time="2026-06-14T12:58:44-05:00" level=info msg="TRACE|{\"scenario\":\"CARGA-1000\",\"checkoutId\":\"42739060-ead6-4573-b4bf-ccb37da92369\",\"status\":\"COMPLETED\",\"completed\":true}" source=console
time="2026-06-14T12:58:44-05:00" level=info msg="TRACE|{\"scenario\":\"CARGA-1000\",\"checkoutId\":\"71081908-c56d-4445-a83d-53b812615c82\",\"status\":\"COMPLETED\",\"completed\":true}" source=console

running (0h00m59.0s), 50/50 VUs, 109 complete and 0 interrupted iterations
checkout_load   [  11% ] 50 VUs  0h00m58.7s/1h30m0s  0109/1000 shared iters
time="2026-06-14T12:58:45-05:00" level=info msg="TRACE|{\"scenario\":\"CARGA-1000\",\"checkoutId\":\"a94e6745-74df-4cdc-9416-15c067151db5\",\"status\":\"COMPLETED\",\"completed\":true}" source=console
time="2026-06-14T12:58:46-05:00" level=info msg="TRACE|{\"scenario\":\"CARGA-1000\",\"checkoutId\":\"301df371-6a4c-4fa5-889f-275c5dbbebfc\",\"status\":\"COMPLETED\",\"completed\":true}" source=console

running (0h01m00.0s), 50/50 VUs, 111 complete and 0 interrupted iterations
checkout_load   [  11% ] 50 VUs  0h00m59.7s/1h30m0s  0111/1000 shared iters
time="2026-06-14T12:58:46-05:00" level=info msg="TRACE|{\"scenario\":\"CARGA-1000\",\"checkoutId\":\"226ed11c-bde1-41ab-86dd-218588b9cf2f\",\"status\":\"COMPLETED\",\"completed\":true}" source=console
time="2026-06-14T12:58:47-05:00" level=info msg="TRACE|{\"scenario\":\"CARGA-1000\",\"checkoutId\":\"098071ad-b279-4ad6-ba5f-a130313dac43\",\"status\":\"COMPLETED\",\"completed\":true}" source=console

running (0h01m01.0s), 50/50 VUs, 113 complete and 0 interrupted iterations
checkout_load   [  11% ] 50 VUs  0h01m00.7s/1h30m0s  0113/1000 shared iters
time="2026-06-14T12:58:47-05:00" level=info msg="TRACE|{\"scenario\":\"CARGA-1000\",\"checkoutId\":\"e6c0b309-ac29-445f-ac66-7868db8f95e0\",\"status\":\"COMPLETED\",\"completed\":true}" source=console

running (0h01m02.0s), 50/50 VUs, 114 complete and 0 interrupted iterations
checkout_load   [  11% ] 50 VUs  0h01m01.7s/1h30m0s  0114/1000 shared iters
time="2026-06-14T12:58:48-05:00" level=info msg="TRACE|{\"scenario\":\"CARGA-1000\",\"checkoutId\":\"b0edb33e-74f2-4bd1-a561-fbf00ad2a504\",\"status\":\"COMPLETED\",\"completed\":true}" source=console
time="2026-06-14T12:58:48-05:00" level=info msg="TRACE|{\"scenario\":\"CARGA-1000\",\"checkoutId\":\"44e55880-5d4f-4052-9c9d-f59c4506eb33\",\"status\":\"COMPLETED\",\"completed\":true}" source=console

running (0h01m03.0s), 50/50 VUs, 116 complete and 0 interrupted iterations
checkout_load   [  12% ] 50 VUs  0h01m02.7s/1h30m0s  0116/1000 shared iters
time="2026-06-14T12:58:49-05:00" level=info msg="TRACE|{\"scenario\":\"CARGA-1000\",\"checkoutId\":\"098dd9a3-8182-4e22-ba58-aa92386392ba\",\"status\":\"COMPLETED\",\"completed\":true}" source=console
time="2026-06-14T12:58:49-05:00" level=info msg="TRACE|{\"scenario\":\"CARGA-1000\",\"checkoutId\":\"1f8acca4-118f-4ef3-bb23-9f5a3e4a8be8\",\"status\":\"COMPLETED\",\"completed\":true}" source=console

running (0h01m04.0s), 50/50 VUs, 118 complete and 0 interrupted iterations
checkout_load   [  12% ] 50 VUs  0h01m03.7s/1h30m0s  0118/1000 shared iters
time="2026-06-14T12:58:50-05:00" level=info msg="TRACE|{\"scenario\":\"CARGA-1000\",\"checkoutId\":\"6fe3117f-2fac-4ee3-8bfd-bd67287091b1\",\"status\":\"COMPLETED\",\"completed\":true}" source=console
time="2026-06-14T12:58:50-05:00" level=info msg="TRACE|{\"scenario\":\"CARGA-1000\",\"checkoutId\":\"49c1997a-f7e8-4380-a251-cf9cab59404d\",\"status\":\"COMPLETED\",\"completed\":true}" source=console

running (0h01m05.0s), 50/50 VUs, 120 complete and 0 interrupted iterations
checkout_load   [  12% ] 50 VUs  0h01m04.7s/1h30m0s  0120/1000 shared iters
time="2026-06-14T12:58:51-05:00" level=info msg="TRACE|{\"scenario\":\"CARGA-1000\",\"checkoutId\":\"418821f6-c28c-4989-8d69-ce92c75f33a9\",\"status\":\"COMPLETED\",\"completed\":true}" source=console
time="2026-06-14T12:58:51-05:00" level=info msg="TRACE|{\"scenario\":\"CARGA-1000\",\"checkoutId\":\"0830b822-dc61-4dfd-9074-2c204cebf3ff\",\"status\":\"COMPLETED\",\"completed\":true}" source=console

running (0h01m06.0s), 50/50 VUs, 122 complete and 0 interrupted iterations
checkout_load   [  12% ] 50 VUs  0h01m05.7s/1h30m0s  0122/1000 shared iters
time="2026-06-14T12:58:52-05:00" level=info msg="TRACE|{\"scenario\":\"CARGA-1000\",\"checkoutId\":\"63acc55f-416f-4a1d-bc4e-6eb75bba9613\",\"status\":\"COMPLETED\",\"completed\":true}" source=console
time="2026-06-14T12:58:52-05:00" level=info msg="TRACE|{\"scenario\":\"CARGA-1000\",\"checkoutId\":\"6f16a0a3-ec4d-4ea8-bc1e-535b70a96ddd\",\"status\":\"COMPLETED\",\"completed\":true}" source=console
time="2026-06-14T12:58:52-05:00" level=info msg="TRACE|{\"scenario\":\"CARGA-1000\",\"checkoutId\":\"a19db00a-dd4e-4980-b25e-403c6abcbcd1\",\"status\":\"COMPLETED\",\"completed\":true}" source=console

running (0h01m07.0s), 50/50 VUs, 125 complete and 0 interrupted iterations
checkout_load   [  12% ] 50 VUs  0h01m06.7s/1h30m0s  0125/1000 shared iters
time="2026-06-14T12:58:53-05:00" level=info msg="TRACE|{\"scenario\":\"CARGA-1000\",\"checkoutId\":\"6f5add59-f06e-44ae-b563-2f5f8b0dcb3c\",\"status\":\"COMPLETED\",\"completed\":true}" source=console

running (0h01m08.0s), 50/50 VUs, 126 complete and 0 interrupted iterations
checkout_load   [  13% ] 50 VUs  0h01m07.7s/1h30m0s  0126/1000 shared iters
time="2026-06-14T12:58:54-05:00" level=info msg="TRACE|{\"scenario\":\"CARGA-1000\",\"checkoutId\":\"8e6cf4df-99e0-46b6-bf04-f8ce4008a150\",\"status\":\"COMPLETED\",\"completed\":true}" source=console
time="2026-06-14T12:58:54-05:00" level=info msg="TRACE|{\"scenario\":\"CARGA-1000\",\"checkoutId\":\"141ffc38-93d1-4a18-b883-6cfaccfa5b0a\",\"status\":\"COMPLETED\",\"completed\":true}" source=console

running (0h01m09.0s), 50/50 VUs, 128 complete and 0 interrupted iterations
checkout_load   [  13% ] 50 VUs  0h01m08.7s/1h30m0s  0128/1000 shared iters
time="2026-06-14T12:58:55-05:00" level=info msg="TRACE|{\"scenario\":\"CARGA-1000\",\"checkoutId\":\"36bd7fbd-82d3-4099-8a93-b50a213c1953\",\"status\":\"COMPLETED\",\"completed\":true}" source=console
time="2026-06-14T12:58:55-05:00" level=info msg="TRACE|{\"scenario\":\"CARGA-1000\",\"checkoutId\":\"b4507de1-211a-42eb-9a73-228acf93685e\",\"status\":\"COMPLETED\",\"completed\":true}" source=console
time="2026-06-14T12:58:55-05:00" level=info msg="TRACE|{\"scenario\":\"CARGA-1000\",\"checkoutId\":\"046f0313-4c01-44db-a7e4-5ed3dccbf69f\",\"status\":\"COMPLETED\",\"completed\":true}" source=console

running (0h01m10.0s), 50/50 VUs, 131 complete and 0 interrupted iterations
checkout_load   [  13% ] 50 VUs  0h01m09.7s/1h30m0s  0131/1000 shared iters
time="2026-06-14T12:58:56-05:00" level=info msg="TRACE|{\"scenario\":\"CARGA-1000\",\"checkoutId\":\"33a3864f-6832-4b2c-b17b-117d92aea970\",\"status\":\"COMPLETED\",\"completed\":true}" source=console
time="2026-06-14T12:58:56-05:00" level=info msg="TRACE|{\"scenario\":\"CARGA-1000\",\"checkoutId\":\"9522a62d-3555-4365-89f7-6310f5f362d7\",\"status\":\"COMPLETED\",\"completed\":true}" source=console

running (0h01m11.0s), 50/50 VUs, 133 complete and 0 interrupted iterations
checkout_load   [  13% ] 50 VUs  0h01m10.7s/1h30m0s  0133/1000 shared iters
time="2026-06-14T12:58:57-05:00" level=info msg="TRACE|{\"scenario\":\"CARGA-1000\",\"checkoutId\":\"af047db5-90bc-4fac-a3fc-352a1153de6a\",\"status\":\"COMPLETED\",\"completed\":true}" source=console

running (0h01m12.0s), 50/50 VUs, 134 complete and 0 interrupted iterations
checkout_load   [  13% ] 50 VUs  0h01m11.7s/1h30m0s  0134/1000 shared iters
time="2026-06-14T12:58:58-05:00" level=info msg="TRACE|{\"scenario\":\"CARGA-1000\",\"checkoutId\":\"fa8110f3-9e59-4ceb-bcc0-9a8de9edb460\",\"status\":\"COMPLETED\",\"completed\":true}" source=console
time="2026-06-14T12:58:58-05:00" level=info msg="TRACE|{\"scenario\":\"CARGA-1000\",\"checkoutId\":\"4f84f81d-959c-406a-8822-5168897d8273\",\"status\":\"COMPLETED\",\"completed\":true}" source=console

running (0h01m13.0s), 50/50 VUs, 136 complete and 0 interrupted iterations
checkout_load   [  14% ] 50 VUs  0h01m12.7s/1h30m0s  0136/1000 shared iters
time="2026-06-14T12:58:59-05:00" level=info msg="TRACE|{\"scenario\":\"CARGA-1000\",\"checkoutId\":\"42e6411a-2c5e-4878-8aa5-24a85ad0db38\",\"status\":\"COMPLETED\",\"completed\":true}" source=console

running (0h01m14.0s), 50/50 VUs, 137 complete and 0 interrupted iterations
checkout_load   [  14% ] 50 VUs  0h01m13.7s/1h30m0s  0137/1000 shared iters
time="2026-06-14T12:59:00-05:00" level=info msg="TRACE|{\"scenario\":\"CARGA-1000\",\"checkoutId\":\"ba2c2740-d33a-4c38-aebf-ea08555017ce\",\"status\":\"COMPLETED\",\"completed\":true}" source=console
time="2026-06-14T12:59:00-05:00" level=info msg="TRACE|{\"scenario\":\"CARGA-1000\",\"checkoutId\":\"6b5eb89b-41b6-48cb-920d-c2c683301756\",\"status\":\"COMPLETED\",\"completed\":true}" source=console

running (0h01m15.0s), 50/50 VUs, 139 complete and 0 interrupted iterations
checkout_load   [  14% ] 50 VUs  0h01m14.7s/1h30m0s  0139/1000 shared iters
time="2026-06-14T12:59:01-05:00" level=info msg="TRACE|{\"scenario\":\"CARGA-1000\",\"checkoutId\":\"21d493f0-4e5e-4559-99b5-7b435356d8cc\",\"status\":\"COMPLETED\",\"completed\":true}" source=console
time="2026-06-14T12:59:01-05:00" level=info msg="TRACE|{\"scenario\":\"CARGA-1000\",\"checkoutId\":\"6b06d30b-39b8-44b5-bb6a-7a5e6ff63bd4\",\"status\":\"COMPLETED\",\"completed\":true}" source=console
time="2026-06-14T12:59:01-05:00" level=info msg="TRACE|{\"scenario\":\"CARGA-1000\",\"checkoutId\":\"a6a28952-928d-4f58-82e0-97d83ddedb69\",\"status\":\"COMPLETED\",\"completed\":true}" source=console

running (0h01m16.0s), 50/50 VUs, 142 complete and 0 interrupted iterations
checkout_load   [  14% ] 50 VUs  0h01m15.7s/1h30m0s  0142/1000 shared iters
time="2026-06-14T12:59:02-05:00" level=info msg="TRACE|{\"scenario\":\"CARGA-1000\",\"checkoutId\":\"f0163d42-3fec-46df-b7fc-a12fbb2998b6\",\"status\":\"COMPLETED\",\"completed\":true}" source=console
time="2026-06-14T12:59:02-05:00" level=info msg="TRACE|{\"scenario\":\"CARGA-1000\",\"checkoutId\":\"86510f77-097a-4f13-a725-e98a68902ffe\",\"status\":\"COMPLETED\",\"completed\":true}" source=console

running (0h01m17.0s), 50/50 VUs, 144 complete and 0 interrupted iterations
checkout_load   [  14% ] 50 VUs  0h01m16.7s/1h30m0s  0144/1000 shared iters
time="2026-06-14T12:59:03-05:00" level=info msg="TRACE|{\"scenario\":\"CARGA-1000\",\"checkoutId\":\"f1fd8294-51a4-4931-a833-9b8d06d24bac\",\"status\":\"COMPLETED\",\"completed\":true}" source=console
time="2026-06-14T12:59:03-05:00" level=info msg="TRACE|{\"scenario\":\"CARGA-1000\",\"checkoutId\":\"427fc293-aad6-4f08-9f29-d2311b337d78\",\"status\":\"COMPLETED\",\"completed\":true}" source=console

running (0h01m18.0s), 50/50 VUs, 146 complete and 0 interrupted iterations
checkout_load   [  15% ] 50 VUs  0h01m17.7s/1h30m0s  0146/1000 shared iters
time="2026-06-14T12:59:04-05:00" level=info msg="TRACE|{\"scenario\":\"CARGA-1000\",\"checkoutId\":\"56a49f83-0bca-4c94-85cd-75aaede2f318\",\"status\":\"COMPLETED\",\"completed\":true}" source=console

running (0h01m19.0s), 50/50 VUs, 147 complete and 0 interrupted iterations
checkout_load   [  15% ] 50 VUs  0h01m18.7s/1h30m0s  0147/1000 shared iters
time="2026-06-14T12:59:05-05:00" level=info msg="TRACE|{\"scenario\":\"CARGA-1000\",\"checkoutId\":\"7ca8c086-b2e1-4bbd-83b7-b14ad7560922\",\"status\":\"COMPLETED\",\"completed\":true}" source=console
time="2026-06-14T12:59:05-05:00" level=info msg="TRACE|{\"scenario\":\"CARGA-1000\",\"checkoutId\":\"7cc1ddc1-3af6-4c24-94c9-07112dc47c0e\",\"status\":\"COMPLETED\",\"completed\":true}" source=console
time="2026-06-14T12:59:05-05:00" level=info msg="TRACE|{\"scenario\":\"CARGA-1000\",\"checkoutId\":\"e5734eeb-3c41-422f-89ed-adac84d378ba\",\"status\":\"COMPLETED\",\"completed\":true}" source=console

running (0h01m20.0s), 50/50 VUs, 150 complete and 0 interrupted iterations
checkout_load   [  15% ] 50 VUs  0h01m19.7s/1h30m0s  0150/1000 shared iters
time="2026-06-14T12:59:06-05:00" level=info msg="TRACE|{\"scenario\":\"CARGA-1000\",\"checkoutId\":\"d8bbb5bd-b350-462e-8c2f-385f722ceda7\",\"status\":\"COMPLETED\",\"completed\":true}" source=console
time="2026-06-14T12:59:06-05:00" level=info msg="TRACE|{\"scenario\":\"CARGA-1000\",\"checkoutId\":\"aba3aa8d-9f7b-4504-8600-024f70ffbd6b\",\"status\":\"COMPLETED\",\"completed\":true}" source=console

running (0h01m21.0s), 50/50 VUs, 152 complete and 0 interrupted iterations
checkout_load   [  15% ] 50 VUs  0h01m20.7s/1h30m0s  0152/1000 shared iters
time="2026-06-14T12:59:07-05:00" level=info msg="TRACE|{\"scenario\":\"CARGA-1000\",\"checkoutId\":\"d14e5d5c-31dd-444f-a964-b2e33ab56efe\",\"status\":\"COMPLETED\",\"completed\":true}" source=console
time="2026-06-14T12:59:07-05:00" level=info msg="TRACE|{\"scenario\":\"CARGA-1000\",\"checkoutId\":\"2fd94bfe-37bf-4079-a485-11bdb6778442\",\"status\":\"COMPLETED\",\"completed\":true}" source=console

running (0h01m22.0s), 50/50 VUs, 154 complete and 0 interrupted iterations
checkout_load   [  15% ] 50 VUs  0h01m21.7s/1h30m0s  0154/1000 shared iters
time="2026-06-14T12:59:08-05:00" level=info msg="TRACE|{\"scenario\":\"CARGA-1000\",\"checkoutId\":\"7ddc399c-ea1a-4d74-a9e5-dce530c88065\",\"status\":\"COMPLETED\",\"completed\":true}" source=console

running (0h01m23.0s), 50/50 VUs, 155 complete and 0 interrupted iterations
checkout_load   [  16% ] 50 VUs  0h01m22.7s/1h30m0s  0155/1000 shared iters
time="2026-06-14T12:59:09-05:00" level=info msg="TRACE|{\"scenario\":\"CARGA-1000\",\"checkoutId\":\"d3f28128-4531-4a60-9fca-e24bed835619\",\"status\":\"COMPLETED\",\"completed\":true}" source=console
time="2026-06-14T12:59:09-05:00" level=info msg="TRACE|{\"scenario\":\"CARGA-1000\",\"checkoutId\":\"7cbaf71b-cad5-4e39-85df-19235323f18a\",\"status\":\"COMPLETED\",\"completed\":true}" source=console

running (0h01m24.0s), 50/50 VUs, 157 complete and 0 interrupted iterations
checkout_load   [  16% ] 50 VUs  0h01m23.7s/1h30m0s  0157/1000 shared iters
time="2026-06-14T12:59:10-05:00" level=info msg="TRACE|{\"scenario\":\"CARGA-1000\",\"checkoutId\":\"8e334b05-2ce7-4957-a025-f2385b6dc98b\",\"status\":\"COMPLETED\",\"completed\":true}" source=console
time="2026-06-14T12:59:10-05:00" level=info msg="TRACE|{\"scenario\":\"CARGA-1000\",\"checkoutId\":\"541a4dfb-7d11-4f3d-a20d-1f9e02a177e2\",\"status\":\"COMPLETED\",\"completed\":true}" source=console

running (0h01m25.0s), 50/50 VUs, 159 complete and 0 interrupted iterations
checkout_load   [  16% ] 50 VUs  0h01m24.7s/1h30m0s  0159/1000 shared iters
time="2026-06-14T12:59:11-05:00" level=info msg="TRACE|{\"scenario\":\"CARGA-1000\",\"checkoutId\":\"1b10442d-0b1d-4ac8-979e-566af1f438ab\",\"status\":\"COMPLETED\",\"completed\":true}" source=console
time="2026-06-14T12:59:11-05:00" level=info msg="TRACE|{\"scenario\":\"CARGA-1000\",\"checkoutId\":\"ac85d5fa-1919-45b1-b197-81cea6bfee2a\",\"status\":\"COMPLETED\",\"completed\":true}" source=console

running (0h01m26.0s), 50/50 VUs, 161 complete and 0 interrupted iterations
checkout_load   [  16% ] 50 VUs  0h01m25.7s/1h30m0s  0161/1000 shared iters
time="2026-06-14T12:59:12-05:00" level=info msg="TRACE|{\"scenario\":\"CARGA-1000\",\"checkoutId\":\"cde87e2f-04c1-46ba-ab1c-4e430a02d6d3\",\"status\":\"COMPLETED\",\"completed\":true}" source=console
time="2026-06-14T12:59:12-05:00" level=info msg="TRACE|{\"scenario\":\"CARGA-1000\",\"checkoutId\":\"1d3eba30-63c9-46d9-b64c-a5a0d9306ebe\",\"status\":\"COMPLETED\",\"completed\":true}" source=console
time="2026-06-14T12:59:12-05:00" level=info msg="TRACE|{\"scenario\":\"CARGA-1000\",\"checkoutId\":\"11295fcf-2f4f-41b4-b899-efd86539ffa7\",\"status\":\"COMPLETED\",\"completed\":true}" source=console

running (0h01m27.0s), 50/50 VUs, 164 complete and 0 interrupted iterations
checkout_load   [  16% ] 50 VUs  0h01m26.7s/1h30m0s  0164/1000 shared iters
time="2026-06-14T12:59:13-05:00" level=info msg="TRACE|{\"scenario\":\"CARGA-1000\",\"checkoutId\":\"a989430c-e441-4b35-a027-e27b6b1f29a8\",\"status\":\"COMPLETED\",\"completed\":true}" source=console
time="2026-06-14T12:59:13-05:00" level=info msg="TRACE|{\"scenario\":\"CARGA-1000\",\"checkoutId\":\"5aba8d39-4a8f-41f0-8de1-95200caecf14\",\"status\":\"COMPLETED\",\"completed\":true}" source=console

running (0h01m28.0s), 50/50 VUs, 166 complete and 0 interrupted iterations
checkout_load   [  17% ] 50 VUs  0h01m27.7s/1h30m0s  0166/1000 shared iters
time="2026-06-14T12:59:14-05:00" level=info msg="TRACE|{\"scenario\":\"CARGA-1000\",\"checkoutId\":\"45599ec8-aece-4eb3-822a-1883de77bde0\",\"status\":\"COMPLETED\",\"completed\":true}" source=console

running (0h01m29.0s), 50/50 VUs, 167 complete and 0 interrupted iterations
checkout_load   [  17% ] 50 VUs  0h01m28.7s/1h30m0s  0167/1000 shared iters
time="2026-06-14T12:59:15-05:00" level=info msg="TRACE|{\"scenario\":\"CARGA-1000\",\"checkoutId\":\"7f2da4c9-ce0a-48ea-a11a-f12ea4ed6065\",\"status\":\"COMPLETED\",\"completed\":true}" source=console
time="2026-06-14T12:59:15-05:00" level=info msg="TRACE|{\"scenario\":\"CARGA-1000\",\"checkoutId\":\"f8e24466-c5d3-42b9-aa6e-fb8f7dc29798\",\"status\":\"COMPLETED\",\"completed\":true}" source=console
time="2026-06-14T12:59:15-05:00" level=info msg="TRACE|{\"scenario\":\"CARGA-1000\",\"checkoutId\":\"9e7b7659-986f-4536-9821-ae3bce9f2dd4\",\"status\":\"COMPLETED\",\"completed\":true}" source=console

running (0h01m30.0s), 50/50 VUs, 170 complete and 0 interrupted iterations
checkout_load   [  17% ] 50 VUs  0h01m29.7s/1h30m0s  0170/1000 shared iters

running (0h01m31.0s), 50/50 VUs, 170 complete and 0 interrupted iterations
checkout_load   [  17% ] 50 VUs  0h01m30.7s/1h30m0s  0170/1000 shared iters
time="2026-06-14T12:59:17-05:00" level=info msg="TRACE|{\"scenario\":\"CARGA-1000\",\"checkoutId\":\"7291ffe1-c89f-4e6e-b5c9-6823ab475a8d\",\"status\":\"COMPLETED\",\"completed\":true}" source=console
time="2026-06-14T12:59:17-05:00" level=info msg="TRACE|{\"scenario\":\"CARGA-1000\",\"checkoutId\":\"92525130-4be9-4f3f-ad7d-aaf2d28afb94\",\"status\":\"COMPLETED\",\"completed\":true}" source=console
time="2026-06-14T12:59:17-05:00" level=info msg="TRACE|{\"scenario\":\"CARGA-1000\",\"checkoutId\":\"f341f849-f49c-4230-95fb-be2c9f04d9d6\",\"status\":\"COMPLETED\",\"completed\":true}" source=console

running (0h01m32.0s), 50/50 VUs, 173 complete and 0 interrupted iterations
checkout_load   [  17% ] 50 VUs  0h01m31.7s/1h30m0s  0173/1000 shared iters
time="2026-06-14T12:59:18-05:00" level=info msg="TRACE|{\"scenario\":\"CARGA-1000\",\"checkoutId\":\"d7afbba6-24ae-4fcc-ab6f-fa7543f80313\",\"status\":\"COMPLETED\",\"completed\":true}" source=console

running (0h01m33.0s), 50/50 VUs, 174 complete and 0 interrupted iterations
checkout_load   [  17% ] 50 VUs  0h01m32.7s/1h30m0s  0174/1000 shared iters
time="2026-06-14T12:59:19-05:00" level=info msg="TRACE|{\"scenario\":\"CARGA-1000\",\"checkoutId\":\"1ee7b82f-6944-4797-b744-4a7bad04d35c\",\"status\":\"COMPLETED\",\"completed\":true}" source=console
time="2026-06-14T12:59:19-05:00" level=info msg="TRACE|{\"scenario\":\"CARGA-1000\",\"checkoutId\":\"933fbf83-2f3b-44d4-ad5d-93297438ea6f\",\"status\":\"COMPLETED\",\"completed\":true}" source=console
time="2026-06-14T12:59:19-05:00" level=info msg="TRACE|{\"scenario\":\"CARGA-1000\",\"checkoutId\":\"48443f10-4598-4dba-9d95-dfc316d5d204\",\"status\":\"COMPLETED\",\"completed\":true}" source=console

running (0h01m34.0s), 50/50 VUs, 177 complete and 0 interrupted iterations
checkout_load   [  18% ] 50 VUs  0h01m33.7s/1h30m0s  0177/1000 shared iters
time="2026-06-14T12:59:20-05:00" level=info msg="TRACE|{\"scenario\":\"CARGA-1000\",\"checkoutId\":\"86495518-a142-449a-a182-af3e228ad7e4\",\"status\":\"COMPLETED\",\"completed\":true}" source=console

running (0h01m35.0s), 50/50 VUs, 178 complete and 0 interrupted iterations
checkout_load   [  18% ] 50 VUs  0h01m34.7s/1h30m0s  0178/1000 shared iters
time="2026-06-14T12:59:21-05:00" level=info msg="TRACE|{\"scenario\":\"CARGA-1000\",\"checkoutId\":\"106c06d6-d3e2-4686-b67d-f9f99d0bf749\",\"status\":\"COMPLETED\",\"completed\":true}" source=console
time="2026-06-14T12:59:21-05:00" level=info msg="TRACE|{\"scenario\":\"CARGA-1000\",\"checkoutId\":\"d6d9c948-5de4-497d-a710-38f6add3ea51\",\"status\":\"COMPLETED\",\"completed\":true}" source=console
time="2026-06-14T12:59:21-05:00" level=info msg="TRACE|{\"scenario\":\"CARGA-1000\",\"checkoutId\":\"87f4f12d-0463-43f9-a941-f505dd0201c2\",\"status\":\"COMPLETED\",\"completed\":true}" source=console
time="2026-06-14T12:59:21-05:00" level=info msg="TRACE|{\"scenario\":\"CARGA-1000\",\"checkoutId\":\"28913786-743a-4892-89d7-2ff54f980899\",\"status\":\"COMPLETED\",\"completed\":true}" source=console

running (0h01m36.0s), 50/50 VUs, 182 complete and 0 interrupted iterations
checkout_load   [  18% ] 50 VUs  0h01m35.7s/1h30m0s  0182/1000 shared iters

running (0h01m37.0s), 50/50 VUs, 182 complete and 0 interrupted iterations
checkout_load   [  18% ] 50 VUs  0h01m36.7s/1h30m0s  0182/1000 shared iters

running (0h01m38.0s), 50/50 VUs, 182 complete and 0 interrupted iterations
checkout_load   [  18% ] 50 VUs  0h01m37.7s/1h30m0s  0182/1000 shared iters
time="2026-06-14T12:59:24-05:00" level=info msg="TRACE|{\"scenario\":\"CARGA-1000\",\"checkoutId\":\"4ca3b035-4bd0-4aa5-b0f1-ef9e932d940f\",\"status\":\"COMPLETED\",\"completed\":true}" source=console
time="2026-06-14T12:59:24-05:00" level=info msg="TRACE|{\"scenario\":\"CARGA-1000\",\"checkoutId\":\"0e95b9f3-3cc6-4417-b75d-cdecb3a1b17e\",\"status\":\"COMPLETED\",\"completed\":true}" source=console
time="2026-06-14T12:59:24-05:00" level=info msg="TRACE|{\"scenario\":\"CARGA-1000\",\"checkoutId\":\"05e28736-db45-4438-b47b-51beb71586c0\",\"status\":\"COMPLETED\",\"completed\":true}" source=console
time="2026-06-14T12:59:24-05:00" level=info msg="TRACE|{\"scenario\":\"CARGA-1000\",\"checkoutId\":\"f2abedd7-39b7-439e-be3f-baae0d509d21\",\"status\":\"COMPLETED\",\"completed\":true}" source=console

running (0h01m39.0s), 50/50 VUs, 186 complete and 0 interrupted iterations
checkout_load   [  19% ] 50 VUs  0h01m38.7s/1h30m0s  0186/1000 shared iters
time="2026-06-14T12:59:25-05:00" level=info msg="TRACE|{\"scenario\":\"CARGA-1000\",\"checkoutId\":\"372ec0f4-f189-4540-86e6-528df5ffe074\",\"status\":\"COMPLETED\",\"completed\":true}" source=console
time="2026-06-14T12:59:25-05:00" level=info msg="TRACE|{\"scenario\":\"CARGA-1000\",\"checkoutId\":\"de0b506b-ebdc-44d8-8a85-575c193eac62\",\"status\":\"COMPLETED\",\"completed\":true}" source=console
time="2026-06-14T12:59:25-05:00" level=info msg="TRACE|{\"scenario\":\"CARGA-1000\",\"checkoutId\":\"c3e8c556-3b91-41c3-8b20-cdc5ae3775b1\",\"status\":\"COMPLETED\",\"completed\":true}" source=console

running (0h01m40.0s), 50/50 VUs, 189 complete and 0 interrupted iterations
checkout_load   [  19% ] 50 VUs  0h01m39.7s/1h30m0s  0189/1000 shared iters
time="2026-06-14T12:59:26-05:00" level=info msg="TRACE|{\"scenario\":\"CARGA-1000\",\"checkoutId\":\"3766e8cf-3314-4f16-b301-858e2256656a\",\"status\":\"COMPLETED\",\"completed\":true}" source=console
time="2026-06-14T12:59:26-05:00" level=info msg="TRACE|{\"scenario\":\"CARGA-1000\",\"checkoutId\":\"5c7d2754-1c9b-4cfe-af55-d87e35e7df16\",\"status\":\"COMPLETED\",\"completed\":true}" source=console

running (0h01m41.0s), 50/50 VUs, 191 complete and 0 interrupted iterations
checkout_load   [  19% ] 50 VUs  0h01m40.7s/1h30m0s  0191/1000 shared iters
time="2026-06-14T12:59:27-05:00" level=info msg="TRACE|{\"scenario\":\"CARGA-1000\",\"checkoutId\":\"a00962b4-c12b-4e91-8078-0b0497fb7f60\",\"status\":\"COMPLETED\",\"completed\":true}" source=console
time="2026-06-14T12:59:27-05:00" level=info msg="TRACE|{\"scenario\":\"CARGA-1000\",\"checkoutId\":\"3f03dac0-30dd-4e76-9629-7413767995c3\",\"status\":\"COMPLETED\",\"completed\":true}" source=console

running (0h01m42.0s), 50/50 VUs, 193 complete and 0 interrupted iterations
checkout_load   [  19% ] 50 VUs  0h01m41.7s/1h30m0s  0193/1000 shared iters
time="2026-06-14T12:59:28-05:00" level=info msg="TRACE|{\"scenario\":\"CARGA-1000\",\"checkoutId\":\"26d83927-86e2-4753-b541-8b5de19464c1\",\"status\":\"COMPLETED\",\"completed\":true}" source=console
time="2026-06-14T12:59:28-05:00" level=info msg="TRACE|{\"scenario\":\"CARGA-1000\",\"checkoutId\":\"ed8bb24c-5629-49bc-85ec-dc145f096831\",\"status\":\"COMPLETED\",\"completed\":true}" source=console

running (0h01m43.0s), 50/50 VUs, 195 complete and 0 interrupted iterations
checkout_load   [  20% ] 50 VUs  0h01m42.7s/1h30m0s  0195/1000 shared iters
time="2026-06-14T12:59:29-05:00" level=info msg="TRACE|{\"scenario\":\"CARGA-1000\",\"checkoutId\":\"991eee45-67db-4f18-8cdf-6683a12798d9\",\"status\":\"COMPLETED\",\"completed\":true}" source=console
time="2026-06-14T12:59:30-05:00" level=info msg="TRACE|{\"scenario\":\"CARGA-1000\",\"checkoutId\":\"5f60b1bc-213b-4f2d-9dd0-46152ec93854\",\"status\":\"COMPLETED\",\"completed\":true}" source=console

running (0h01m44.0s), 50/50 VUs, 197 complete and 0 interrupted iterations
checkout_load   [  20% ] 50 VUs  0h01m43.7s/1h30m0s  0197/1000 shared iters
time="2026-06-14T12:59:30-05:00" level=info msg="TRACE|{\"scenario\":\"CARGA-1000\",\"checkoutId\":\"b3574ba2-68ad-4ee3-bc1a-198b05f12749\",\"status\":\"COMPLETED\",\"completed\":true}" source=console
time="2026-06-14T12:59:30-05:00" level=info msg="TRACE|{\"scenario\":\"CARGA-1000\",\"checkoutId\":\"ce040bc6-b6cf-442c-88f7-ea71577c7e55\",\"status\":\"COMPLETED\",\"completed\":true}" source=console

running (0h01m45.0s), 50/50 VUs, 199 complete and 0 interrupted iterations
checkout_load   [  20% ] 50 VUs  0h01m44.7s/1h30m0s  0199/1000 shared iters
time="2026-06-14T12:59:31-05:00" level=info msg="TRACE|{\"scenario\":\"CARGA-1000\",\"checkoutId\":\"e12d4050-9161-479a-ab45-a8c8533b666d\",\"status\":\"COMPLETED\",\"completed\":true}" source=console
time="2026-06-14T12:59:31-05:00" level=info msg="TRACE|{\"scenario\":\"CARGA-1000\",\"checkoutId\":\"469546a1-2853-44de-9986-bb0103322599\",\"status\":\"COMPLETED\",\"completed\":true}" source=console

running (0h01m46.0s), 50/50 VUs, 201 complete and 0 interrupted iterations
checkout_load   [  20% ] 50 VUs  0h01m45.7s/1h30m0s  0201/1000 shared iters
time="2026-06-14T12:59:32-05:00" level=info msg="TRACE|{\"scenario\":\"CARGA-1000\",\"checkoutId\":\"fa4d8d79-b532-46da-814f-5b0f130f188f\",\"status\":\"COMPLETED\",\"completed\":true}" source=console
time="2026-06-14T12:59:32-05:00" level=info msg="TRACE|{\"scenario\":\"CARGA-1000\",\"checkoutId\":\"1b41ab37-1b34-4d52-b552-866490a6106f\",\"status\":\"COMPLETED\",\"completed\":true}" source=console

running (0h01m47.0s), 50/50 VUs, 203 complete and 0 interrupted iterations
checkout_load   [  20% ] 50 VUs  0h01m46.7s/1h30m0s  0203/1000 shared iters
time="2026-06-14T12:59:33-05:00" level=info msg="TRACE|{\"scenario\":\"CARGA-1000\",\"checkoutId\":\"be78be74-4711-44d0-aa19-1f2bbe3f4549\",\"status\":\"COMPLETED\",\"completed\":true}" source=console
time="2026-06-14T12:59:33-05:00" level=info msg="TRACE|{\"scenario\":\"CARGA-1000\",\"checkoutId\":\"2f41899c-239d-49d4-a0dd-4ef26545ad08\",\"status\":\"COMPLETED\",\"completed\":true}" source=console
time="2026-06-14T12:59:33-05:00" level=info msg="TRACE|{\"scenario\":\"CARGA-1000\",\"checkoutId\":\"8dbf9a4b-9cfb-4bad-9869-749a9a35f4ab\",\"status\":\"COMPLETED\",\"completed\":true}" source=console

running (0h01m48.0s), 50/50 VUs, 206 complete and 0 interrupted iterations
checkout_load   [  21% ] 50 VUs  0h01m47.7s/1h30m0s  0206/1000 shared iters
time="2026-06-14T12:59:35-05:00" level=info msg="TRACE|{\"scenario\":\"CARGA-1000\",\"checkoutId\":\"53ce55ef-30c4-4434-a1b2-7677b1d6d3c9\",\"status\":\"COMPLETED\",\"completed\":true}" source=console
time="2026-06-14T12:59:35-05:00" level=info msg="TRACE|{\"scenario\":\"CARGA-1000\",\"checkoutId\":\"dd901957-85bf-434a-bf4a-93161e6188de\",\"status\":\"COMPLETED\",\"completed\":true}" source=console

running (0h01m49.0s), 50/50 VUs, 208 complete and 0 interrupted iterations
checkout_load   [  21% ] 50 VUs  0h01m48.7s/1h30m0s  0208/1000 shared iters

running (0h01m50.0s), 50/50 VUs, 208 complete and 0 interrupted iterations
checkout_load   [  21% ] 50 VUs  0h01m49.7s/1h30m0s  0208/1000 shared iters
time="2026-06-14T12:59:36-05:00" level=info msg="TRACE|{\"scenario\":\"CARGA-1000\",\"checkoutId\":\"af4e0ffa-0477-4f60-b515-4afff5a04f9e\",\"status\":\"COMPLETED\",\"completed\":true}" source=console
time="2026-06-14T12:59:36-05:00" level=info msg="TRACE|{\"scenario\":\"CARGA-1000\",\"checkoutId\":\"2cb315d1-ff3d-4a06-b1de-5f7d651d87c6\",\"status\":\"COMPLETED\",\"completed\":true}" source=console

running (0h01m51.0s), 50/50 VUs, 210 complete and 0 interrupted iterations
checkout_load   [  21% ] 50 VUs  0h01m50.7s/1h30m0s  0210/1000 shared iters
time="2026-06-14T12:59:37-05:00" level=info msg="TRACE|{\"scenario\":\"CARGA-1000\",\"checkoutId\":\"2da971ec-e2b2-4fd5-beb4-7019e76f065f\",\"status\":\"COMPLETED\",\"completed\":true}" source=console
time="2026-06-14T12:59:37-05:00" level=info msg="TRACE|{\"scenario\":\"CARGA-1000\",\"checkoutId\":\"009aae0c-60e9-4893-a94f-4bb70de47a89\",\"status\":\"COMPLETED\",\"completed\":true}" source=console

running (0h01m52.0s), 50/50 VUs, 212 complete and 0 interrupted iterations
checkout_load   [  21% ] 50 VUs  0h01m51.7s/1h30m0s  0212/1000 shared iters
time="2026-06-14T12:59:38-05:00" level=info msg="TRACE|{\"scenario\":\"CARGA-1000\",\"checkoutId\":\"5343f176-47c2-44fa-83e5-9dd5b21b8714\",\"status\":\"COMPLETED\",\"completed\":true}" source=console
time="2026-06-14T12:59:38-05:00" level=info msg="TRACE|{\"scenario\":\"CARGA-1000\",\"checkoutId\":\"36d448e9-107e-4713-ae52-a7ceaddca88e\",\"status\":\"COMPLETED\",\"completed\":true}" source=console

running (0h01m53.0s), 50/50 VUs, 214 complete and 0 interrupted iterations
checkout_load   [  21% ] 50 VUs  0h01m52.7s/1h30m0s  0214/1000 shared iters
time="2026-06-14T12:59:39-05:00" level=info msg="TRACE|{\"scenario\":\"CARGA-1000\",\"checkoutId\":\"b4a7cc44-93c4-4a5d-b9b6-f29e111fb0b7\",\"status\":\"COMPLETED\",\"completed\":true}" source=console
time="2026-06-14T12:59:39-05:00" level=info msg="TRACE|{\"scenario\":\"CARGA-1000\",\"checkoutId\":\"71d546ce-0ef8-4547-8215-1bb19fcbf4e3\",\"status\":\"COMPLETED\",\"completed\":true}" source=console
time="2026-06-14T12:59:39-05:00" level=info msg="TRACE|{\"scenario\":\"CARGA-1000\",\"checkoutId\":\"b590e6af-483d-4941-8478-1674d4f603cc\",\"status\":\"COMPLETED\",\"completed\":true}" source=console

running (0h01m54.0s), 50/50 VUs, 217 complete and 0 interrupted iterations
checkout_load   [  22% ] 50 VUs  0h01m53.7s/1h30m0s  0217/1000 shared iters
time="2026-06-14T12:59:40-05:00" level=info msg="TRACE|{\"scenario\":\"CARGA-1000\",\"checkoutId\":\"c37f0194-2b2d-489c-bc52-b328ed0a8834\",\"status\":\"COMPLETED\",\"completed\":true}" source=console

running (0h01m55.0s), 50/50 VUs, 218 complete and 0 interrupted iterations
checkout_load   [  22% ] 50 VUs  0h01m54.7s/1h30m0s  0218/1000 shared iters
time="2026-06-14T12:59:41-05:00" level=info msg="TRACE|{\"scenario\":\"CARGA-1000\",\"checkoutId\":\"d912e0a6-ca43-4f79-8485-eebbe74265ba\",\"status\":\"COMPLETED\",\"completed\":true}" source=console
time="2026-06-14T12:59:41-05:00" level=info msg="TRACE|{\"scenario\":\"CARGA-1000\",\"checkoutId\":\"ac7c2bf6-c9af-431e-a8bf-fe5577022142\",\"status\":\"COMPLETED\",\"completed\":true}" source=console

running (0h01m56.0s), 50/50 VUs, 220 complete and 0 interrupted iterations
checkout_load   [  22% ] 50 VUs  0h01m55.7s/1h30m0s  0220/1000 shared iters
time="2026-06-14T12:59:42-05:00" level=info msg="TRACE|{\"scenario\":\"CARGA-1000\",\"checkoutId\":\"fa844a83-e569-4e1b-90c8-7ec8a30cc40a\",\"status\":\"COMPLETED\",\"completed\":true}" source=console
time="2026-06-14T12:59:42-05:00" level=info msg="TRACE|{\"scenario\":\"CARGA-1000\",\"checkoutId\":\"7c43cc00-893f-4d09-8177-4271da8a18e1\",\"status\":\"COMPLETED\",\"completed\":true}" source=console
time="2026-06-14T12:59:42-05:00" level=info msg="TRACE|{\"scenario\":\"CARGA-1000\",\"checkoutId\":\"ec338fe9-a06f-435f-aa56-99335fc8c2b4\",\"status\":\"COMPLETED\",\"completed\":true}" source=console

running (0h01m57.0s), 50/50 VUs, 223 complete and 0 interrupted iterations
checkout_load   [  22% ] 50 VUs  0h01m56.7s/1h30m0s  0223/1000 shared iters
time="2026-06-14T12:59:43-05:00" level=info msg="TRACE|{\"scenario\":\"CARGA-1000\",\"checkoutId\":\"12574bca-68f2-4292-b255-cc75300925e4\",\"status\":\"COMPLETED\",\"completed\":true}" source=console
time="2026-06-14T12:59:43-05:00" level=info msg="TRACE|{\"scenario\":\"CARGA-1000\",\"checkoutId\":\"91e300c3-8668-4e7a-b86e-c1a6ae9f8814\",\"status\":\"COMPLETED\",\"completed\":true}" source=console

running (0h01m58.0s), 50/50 VUs, 225 complete and 0 interrupted iterations
checkout_load   [  22% ] 50 VUs  0h01m57.7s/1h30m0s  0225/1000 shared iters
time="2026-06-14T12:59:44-05:00" level=info msg="TRACE|{\"scenario\":\"CARGA-1000\",\"checkoutId\":\"9252a7e1-70ca-4436-95ab-61c765ba1a01\",\"status\":\"COMPLETED\",\"completed\":true}" source=console
time="2026-06-14T12:59:44-05:00" level=info msg="TRACE|{\"scenario\":\"CARGA-1000\",\"checkoutId\":\"9a2b2766-0b8a-4a14-b867-e889297ffc56\",\"status\":\"COMPLETED\",\"completed\":true}" source=console

running (0h01m59.0s), 50/50 VUs, 227 complete and 0 interrupted iterations
checkout_load   [  23% ] 50 VUs  0h01m58.7s/1h30m0s  0227/1000 shared iters
time="2026-06-14T12:59:45-05:00" level=info msg="TRACE|{\"scenario\":\"CARGA-1000\",\"checkoutId\":\"e1c31150-00ff-4536-a0f2-730e9a0949ab\",\"status\":\"COMPLETED\",\"completed\":true}" source=console

running (0h02m00.0s), 50/50 VUs, 228 complete and 0 interrupted iterations
checkout_load   [  23% ] 50 VUs  0h01m59.7s/1h30m0s  0228/1000 shared iters
time="2026-06-14T12:59:46-05:00" level=info msg="TRACE|{\"scenario\":\"CARGA-1000\",\"checkoutId\":\"3c3f31af-3952-4f0e-90c1-4e3144da0c4b\",\"status\":\"COMPLETED\",\"completed\":true}" source=console
time="2026-06-14T12:59:46-05:00" level=info msg="TRACE|{\"scenario\":\"CARGA-1000\",\"checkoutId\":\"9df8a2be-5e52-42a5-bee5-f82cae5c4f8f\",\"status\":\"COMPLETED\",\"completed\":true}" source=console

running (0h02m01.0s), 50/50 VUs, 230 complete and 0 interrupted iterations
checkout_load   [  23% ] 50 VUs  0h02m00.7s/1h30m0s  0230/1000 shared iters
time="2026-06-14T12:59:47-05:00" level=info msg="TRACE|{\"scenario\":\"CARGA-1000\",\"checkoutId\":\"4b616a61-f669-4840-9ab7-52def36b5456\",\"status\":\"COMPLETED\",\"completed\":true}" source=console
time="2026-06-14T12:59:47-05:00" level=info msg="TRACE|{\"scenario\":\"CARGA-1000\",\"checkoutId\":\"25e131e0-9016-47e8-ba0c-25009388b7be\",\"status\":\"COMPLETED\",\"completed\":true}" source=console

running (0h02m02.0s), 50/50 VUs, 232 complete and 0 interrupted iterations
checkout_load   [  23% ] 50 VUs  0h02m01.7s/1h30m0s  0232/1000 shared iters
time="2026-06-14T12:59:48-05:00" level=info msg="TRACE|{\"scenario\":\"CARGA-1000\",\"checkoutId\":\"3b418e87-16cf-4b86-9e93-1c80dd56b97a\",\"status\":\"COMPLETED\",\"completed\":true}" source=console
time="2026-06-14T12:59:48-05:00" level=info msg="TRACE|{\"scenario\":\"CARGA-1000\",\"checkoutId\":\"45fbadd5-4906-42eb-a03a-fe0dd4ba114d\",\"status\":\"COMPLETED\",\"completed\":true}" source=console
time="2026-06-14T12:59:48-05:00" level=info msg="TRACE|{\"scenario\":\"CARGA-1000\",\"checkoutId\":\"30de3f11-184a-44b5-9d24-79af1f717c15\",\"status\":\"COMPLETED\",\"completed\":true}" source=console

running (0h02m03.0s), 50/50 VUs, 235 complete and 0 interrupted iterations
checkout_load   [  24% ] 50 VUs  0h02m02.7s/1h30m0s  0235/1000 shared iters
time="2026-06-14T12:59:49-05:00" level=info msg="TRACE|{\"scenario\":\"CARGA-1000\",\"checkoutId\":\"e132d4b0-8d47-4b9d-b2e4-11dcbaa20902\",\"status\":\"COMPLETED\",\"completed\":true}" source=console

running (0h02m04.0s), 50/50 VUs, 236 complete and 0 interrupted iterations
checkout_load   [  24% ] 50 VUs  0h02m03.7s/1h30m0s  0236/1000 shared iters
time="2026-06-14T12:59:50-05:00" level=info msg="TRACE|{\"scenario\":\"CARGA-1000\",\"checkoutId\":\"a8b4debf-bd45-427e-bef3-e025084cdc8b\",\"status\":\"COMPLETED\",\"completed\":true}" source=console
time="2026-06-14T12:59:50-05:00" level=info msg="TRACE|{\"scenario\":\"CARGA-1000\",\"checkoutId\":\"75eb66cc-c355-4f0c-b7f2-97e22c9127b4\",\"status\":\"COMPLETED\",\"completed\":true}" source=console

running (0h02m05.0s), 50/50 VUs, 238 complete and 0 interrupted iterations
checkout_load   [  24% ] 50 VUs  0h02m04.7s/1h30m0s  0238/1000 shared iters
time="2026-06-14T12:59:51-05:00" level=info msg="TRACE|{\"scenario\":\"CARGA-1000\",\"checkoutId\":\"e317d567-3080-4832-bc62-aad70301f4bc\",\"status\":\"COMPLETED\",\"completed\":true}" source=console
time="2026-06-14T12:59:51-05:00" level=info msg="TRACE|{\"scenario\":\"CARGA-1000\",\"checkoutId\":\"2f35dea0-fe3b-4cc1-a039-c01539ce0119\",\"status\":\"COMPLETED\",\"completed\":true}" source=console

running (0h02m06.0s), 50/50 VUs, 240 complete and 0 interrupted iterations
checkout_load   [  24% ] 50 VUs  0h02m05.7s/1h30m0s  0240/1000 shared iters
time="2026-06-14T12:59:52-05:00" level=info msg="TRACE|{\"scenario\":\"CARGA-1000\",\"checkoutId\":\"deaa3371-394b-466b-bcad-60b8b62f45e0\",\"status\":\"COMPLETED\",\"completed\":true}" source=console
time="2026-06-14T12:59:52-05:00" level=info msg="TRACE|{\"scenario\":\"CARGA-1000\",\"checkoutId\":\"a0f484e5-39a2-4dc1-aff0-0590effa588e\",\"status\":\"COMPLETED\",\"completed\":true}" source=console

running (0h02m07.0s), 50/50 VUs, 242 complete and 0 interrupted iterations
checkout_load   [  24% ] 50 VUs  0h02m06.7s/1h30m0s  0242/1000 shared iters
time="2026-06-14T12:59:53-05:00" level=info msg="TRACE|{\"scenario\":\"CARGA-1000\",\"checkoutId\":\"f8c870a4-123a-4086-b9aa-3f8dd2141d2c\",\"status\":\"COMPLETED\",\"completed\":true}" source=console

running (0h02m08.0s), 50/50 VUs, 243 complete and 0 interrupted iterations
checkout_load   [  24% ] 50 VUs  0h02m07.7s/1h30m0s  0243/1000 shared iters
time="2026-06-14T12:59:54-05:00" level=info msg="TRACE|{\"scenario\":\"CARGA-1000\",\"checkoutId\":\"16a8f753-373a-44be-bffc-d28764ab6084\",\"status\":\"COMPLETED\",\"completed\":true}" source=console
time="2026-06-14T12:59:54-05:00" level=info msg="TRACE|{\"scenario\":\"CARGA-1000\",\"checkoutId\":\"94b7004b-15cf-4d3b-a559-7dcc70fef96a\",\"status\":\"COMPLETED\",\"completed\":true}" source=console

running (0h02m09.0s), 50/50 VUs, 245 complete and 0 interrupted iterations
checkout_load   [  24% ] 50 VUs  0h02m08.7s/1h30m0s  0245/1000 shared iters
time="2026-06-14T12:59:55-05:00" level=info msg="TRACE|{\"scenario\":\"CARGA-1000\",\"checkoutId\":\"142ac492-c9ae-4990-809d-2e80a5be8a92\",\"status\":\"COMPLETED\",\"completed\":true}" source=console
time="2026-06-14T12:59:55-05:00" level=info msg="TRACE|{\"scenario\":\"CARGA-1000\",\"checkoutId\":\"94a7ac92-f920-4d3d-aafb-48b3ae6812b2\",\"status\":\"COMPLETED\",\"completed\":true}" source=console

running (0h02m10.0s), 50/50 VUs, 247 complete and 0 interrupted iterations
checkout_load   [  25% ] 50 VUs  0h02m09.7s/1h30m0s  0247/1000 shared iters
time="2026-06-14T12:59:56-05:00" level=info msg="TRACE|{\"scenario\":\"CARGA-1000\",\"checkoutId\":\"e7f9c8fb-d46e-47b6-b2f6-dc116cd1bb20\",\"status\":\"COMPLETED\",\"completed\":true}" source=console
time="2026-06-14T12:59:56-05:00" level=info msg="TRACE|{\"scenario\":\"CARGA-1000\",\"checkoutId\":\"e2f419de-6765-4783-bc2f-6f82d56b3236\",\"status\":\"COMPLETED\",\"completed\":true}" source=console

running (0h02m11.0s), 50/50 VUs, 249 complete and 0 interrupted iterations
checkout_load   [  25% ] 50 VUs  0h02m10.7s/1h30m0s  0249/1000 shared iters
time="2026-06-14T12:59:57-05:00" level=info msg="TRACE|{\"scenario\":\"CARGA-1000\",\"checkoutId\":\"6ec70e68-a984-45af-a4e9-feb93f3943dd\",\"status\":\"COMPLETED\",\"completed\":true}" source=console
time="2026-06-14T12:59:57-05:00" level=info msg="TRACE|{\"scenario\":\"CARGA-1000\",\"checkoutId\":\"b050680d-dba8-4251-a39b-df640550e95d\",\"status\":\"COMPLETED\",\"completed\":true}" source=console
time="2026-06-14T12:59:57-05:00" level=info msg="TRACE|{\"scenario\":\"CARGA-1000\",\"checkoutId\":\"1030df22-4f64-4696-b5ec-890ebeae23fb\",\"status\":\"COMPLETED\",\"completed\":true}" source=console

running (0h02m12.0s), 50/50 VUs, 252 complete and 0 interrupted iterations
checkout_load   [  25% ] 50 VUs  0h02m11.7s/1h30m0s  0252/1000 shared iters
time="2026-06-14T12:59:58-05:00" level=info msg="TRACE|{\"scenario\":\"CARGA-1000\",\"checkoutId\":\"433456b2-fe2c-499a-b6e5-7ba33294775d\",\"status\":\"COMPLETED\",\"completed\":true}" source=console

running (0h02m13.0s), 50/50 VUs, 253 complete and 0 interrupted iterations
checkout_load   [  25% ] 50 VUs  0h02m12.7s/1h30m0s  0253/1000 shared iters
time="2026-06-14T12:59:59-05:00" level=info msg="TRACE|{\"scenario\":\"CARGA-1000\",\"checkoutId\":\"2880b90a-ba93-4d7a-b717-6722b6f31348\",\"status\":\"COMPLETED\",\"completed\":true}" source=console
time="2026-06-14T12:59:59-05:00" level=info msg="TRACE|{\"scenario\":\"CARGA-1000\",\"checkoutId\":\"779f9d68-2d96-4b27-a605-94a5adb8e249\",\"status\":\"COMPLETED\",\"completed\":true}" source=console
time="2026-06-14T12:59:59-05:00" level=info msg="TRACE|{\"scenario\":\"CARGA-1000\",\"checkoutId\":\"5e4e308e-d38b-42ff-80d7-812b334dff0a\",\"status\":\"COMPLETED\",\"completed\":true}" source=console

running (0h02m14.0s), 50/50 VUs, 256 complete and 0 interrupted iterations
checkout_load   [  26% ] 50 VUs  0h02m13.7s/1h30m0s  0256/1000 shared iters
time="2026-06-14T13:00:00-05:00" level=info msg="TRACE|{\"scenario\":\"CARGA-1000\",\"checkoutId\":\"9c80715c-f0f6-4e4a-9216-faa019704212\",\"status\":\"COMPLETED\",\"completed\":true}" source=console
time="2026-06-14T13:00:00-05:00" level=info msg="TRACE|{\"scenario\":\"CARGA-1000\",\"checkoutId\":\"6ba16170-3ee3-4b56-ac4c-3ac27656d398\",\"status\":\"COMPLETED\",\"completed\":true}" source=console

running (0h02m15.0s), 50/50 VUs, 258 complete and 0 interrupted iterations
checkout_load   [  26% ] 50 VUs  0h02m14.7s/1h30m0s  0258/1000 shared iters
time="2026-06-14T13:00:01-05:00" level=info msg="TRACE|{\"scenario\":\"CARGA-1000\",\"checkoutId\":\"a82372ab-6cfc-4491-b3d8-33656aeb325e\",\"status\":\"COMPLETED\",\"completed\":true}" source=console

running (0h02m16.0s), 50/50 VUs, 259 complete and 0 interrupted iterations
checkout_load   [  26% ] 50 VUs  0h02m15.7s/1h30m0s  0259/1000 shared iters
time="2026-06-14T13:00:02-05:00" level=info msg="TRACE|{\"scenario\":\"CARGA-1000\",\"checkoutId\":\"ddbf5faf-5404-459c-a7e9-dd6c411074f2\",\"status\":\"COMPLETED\",\"completed\":true}" source=console
time="2026-06-14T13:00:02-05:00" level=info msg="TRACE|{\"scenario\":\"CARGA-1000\",\"checkoutId\":\"be34e9a8-6559-43f8-bc21-2c84a88dc2fe\",\"status\":\"COMPLETED\",\"completed\":true}" source=console

running (0h02m17.0s), 50/50 VUs, 261 complete and 0 interrupted iterations
checkout_load   [  26% ] 50 VUs  0h02m16.7s/1h30m0s  0261/1000 shared iters
time="2026-06-14T13:00:03-05:00" level=info msg="TRACE|{\"scenario\":\"CARGA-1000\",\"checkoutId\":\"2b4a0738-10d8-4efe-9995-f30ae0ce07d4\",\"status\":\"COMPLETED\",\"completed\":true}" source=console
time="2026-06-14T13:00:03-05:00" level=info msg="TRACE|{\"scenario\":\"CARGA-1000\",\"checkoutId\":\"2336a17e-ffd9-452c-bc58-eb1d3c464fb5\",\"status\":\"COMPLETED\",\"completed\":true}" source=console
time="2026-06-14T13:00:04-05:00" level=info msg="TRACE|{\"scenario\":\"CARGA-1000\",\"checkoutId\":\"3f6cb26e-f64f-4431-80fc-d66b38a9369c\",\"status\":\"COMPLETED\",\"completed\":true}" source=console

running (0h02m18.0s), 50/50 VUs, 264 complete and 0 interrupted iterations
checkout_load   [  26% ] 50 VUs  0h02m17.7s/1h30m0s  0264/1000 shared iters
time="2026-06-14T13:00:04-05:00" level=info msg="TRACE|{\"scenario\":\"CARGA-1000\",\"checkoutId\":\"9bcbed75-1778-4709-816b-ad5b0db11e74\",\"status\":\"COMPLETED\",\"completed\":true}" source=console

running (0h02m19.0s), 50/50 VUs, 265 complete and 0 interrupted iterations
checkout_load   [  26% ] 50 VUs  0h02m18.7s/1h30m0s  0265/1000 shared iters
time="2026-06-14T13:00:05-05:00" level=info msg="TRACE|{\"scenario\":\"CARGA-1000\",\"checkoutId\":\"e62195ce-5070-46f3-a6dd-f95826bb7090\",\"status\":\"COMPLETED\",\"completed\":true}" source=console
time="2026-06-14T13:00:05-05:00" level=info msg="TRACE|{\"scenario\":\"CARGA-1000\",\"checkoutId\":\"67131b0f-18f6-40bc-8ce5-08c1fc697277\",\"status\":\"COMPLETED\",\"completed\":true}" source=console
time="2026-06-14T13:00:05-05:00" level=info msg="TRACE|{\"scenario\":\"CARGA-1000\",\"checkoutId\":\"71e381e8-a9b9-4fbd-8d1e-dbdcb7d47aba\",\"status\":\"COMPLETED\",\"completed\":true}" source=console

running (0h02m20.0s), 50/50 VUs, 268 complete and 0 interrupted iterations
checkout_load   [  27% ] 50 VUs  0h02m19.7s/1h30m0s  0268/1000 shared iters
time="2026-06-14T13:00:06-05:00" level=info msg="TRACE|{\"scenario\":\"CARGA-1000\",\"checkoutId\":\"c159ba74-f952-49a1-8286-98b82cf38939\",\"status\":\"COMPLETED\",\"completed\":true}" source=console
time="2026-06-14T13:00:06-05:00" level=info msg="TRACE|{\"scenario\":\"CARGA-1000\",\"checkoutId\":\"df40bd6f-a1f2-49a5-8c1b-e93ca5ef0208\",\"status\":\"COMPLETED\",\"completed\":true}" source=console

running (0h02m21.0s), 50/50 VUs, 270 complete and 0 interrupted iterations
checkout_load   [  27% ] 50 VUs  0h02m20.7s/1h30m0s  0270/1000 shared iters
time="2026-06-14T13:00:07-05:00" level=info msg="TRACE|{\"scenario\":\"CARGA-1000\",\"checkoutId\":\"2fddf70c-2d34-4bd9-8d32-7a14a4374078\",\"status\":\"COMPLETED\",\"completed\":true}" source=console

running (0h02m22.0s), 50/50 VUs, 271 complete and 0 interrupted iterations
checkout_load   [  27% ] 50 VUs  0h02m21.7s/1h30m0s  0271/1000 shared iters
time="2026-06-14T13:00:08-05:00" level=info msg="TRACE|{\"scenario\":\"CARGA-1000\",\"checkoutId\":\"614c6328-f930-45cc-91ac-7563d5390d5e\",\"status\":\"COMPLETED\",\"completed\":true}" source=console
time="2026-06-14T13:00:08-05:00" level=info msg="TRACE|{\"scenario\":\"CARGA-1000\",\"checkoutId\":\"d57784fb-149b-4067-b601-9230a713959a\",\"status\":\"COMPLETED\",\"completed\":true}" source=console

running (0h02m23.0s), 50/50 VUs, 273 complete and 0 interrupted iterations
checkout_load   [  27% ] 50 VUs  0h02m22.7s/1h30m0s  0273/1000 shared iters
time="2026-06-14T13:00:09-05:00" level=info msg="TRACE|{\"scenario\":\"CARGA-1000\",\"checkoutId\":\"2c6ce139-0e83-49e3-9279-57faf1a3040f\",\"status\":\"COMPLETED\",\"completed\":true}" source=console
time="2026-06-14T13:00:09-05:00" level=info msg="TRACE|{\"scenario\":\"CARGA-1000\",\"checkoutId\":\"be15fc12-14be-4e11-8d49-89bdb28f2e39\",\"status\":\"COMPLETED\",\"completed\":true}" source=console

running (0h02m24.0s), 50/50 VUs, 275 complete and 0 interrupted iterations
checkout_load   [  28% ] 50 VUs  0h02m23.7s/1h30m0s  0275/1000 shared iters
time="2026-06-14T13:00:10-05:00" level=info msg="TRACE|{\"scenario\":\"CARGA-1000\",\"checkoutId\":\"ebbd1283-c87f-4b12-a644-8d8b9bb86995\",\"status\":\"COMPLETED\",\"completed\":true}" source=console
time="2026-06-14T13:00:10-05:00" level=info msg="TRACE|{\"scenario\":\"CARGA-1000\",\"checkoutId\":\"f327602b-704a-4b54-a69a-f524a0918bbb\",\"status\":\"COMPLETED\",\"completed\":true}" source=console
time="2026-06-14T13:00:10-05:00" level=info msg="TRACE|{\"scenario\":\"CARGA-1000\",\"checkoutId\":\"582ac011-65c4-4e96-b6b3-3726207435cb\",\"status\":\"COMPLETED\",\"completed\":true}" source=console

running (0h02m25.0s), 50/50 VUs, 278 complete and 0 interrupted iterations
checkout_load   [  28% ] 50 VUs  0h02m24.7s/1h30m0s  0278/1000 shared iters
time="2026-06-14T13:00:11-05:00" level=info msg="TRACE|{\"scenario\":\"CARGA-1000\",\"checkoutId\":\"2634e480-5db6-4caa-9fdb-aeaae9268a7a\",\"status\":\"COMPLETED\",\"completed\":true}" source=console

running (0h02m26.0s), 50/50 VUs, 279 complete and 0 interrupted iterations
checkout_load   [  28% ] 50 VUs  0h02m25.7s/1h30m0s  0279/1000 shared iters
time="2026-06-14T13:00:12-05:00" level=info msg="TRACE|{\"scenario\":\"CARGA-1000\",\"checkoutId\":\"28dfb759-3d2b-4ae0-badf-29e5664422c8\",\"status\":\"COMPLETED\",\"completed\":true}" source=console

running (0h02m27.0s), 50/50 VUs, 280 complete and 0 interrupted iterations
checkout_load   [  28% ] 50 VUs  0h02m26.7s/1h30m0s  0280/1000 shared iters
time="2026-06-14T13:00:13-05:00" level=info msg="TRACE|{\"scenario\":\"CARGA-1000\",\"checkoutId\":\"a19d6df1-03f5-4f51-8667-dc9f9046c5d2\",\"status\":\"COMPLETED\",\"completed\":true}" source=console
time="2026-06-14T13:00:13-05:00" level=info msg="TRACE|{\"scenario\":\"CARGA-1000\",\"checkoutId\":\"daf7d4b1-681b-47fe-b38f-a99fb9f3a12e\",\"status\":\"COMPLETED\",\"completed\":true}" source=console

running (0h02m28.0s), 50/50 VUs, 282 complete and 0 interrupted iterations
checkout_load   [  28% ] 50 VUs  0h02m27.7s/1h30m0s  0282/1000 shared iters
time="2026-06-14T13:00:14-05:00" level=info msg="TRACE|{\"scenario\":\"CARGA-1000\",\"checkoutId\":\"aa9bbea2-6def-4f3a-bb12-6d6840b06cd7\",\"status\":\"COMPLETED\",\"completed\":true}" source=console
time="2026-06-14T13:00:14-05:00" level=info msg="TRACE|{\"scenario\":\"CARGA-1000\",\"checkoutId\":\"5eb662cc-97e3-4d8f-ba98-582cba20c4cf\",\"status\":\"COMPLETED\",\"completed\":true}" source=console
time="2026-06-14T13:00:14-05:00" level=info msg="TRACE|{\"scenario\":\"CARGA-1000\",\"checkoutId\":\"e137b65a-fcd4-4e72-966e-f0572ff9c29f\",\"status\":\"COMPLETED\",\"completed\":true}" source=console

running (0h02m29.0s), 50/50 VUs, 285 complete and 0 interrupted iterations
checkout_load   [  28% ] 50 VUs  0h02m28.7s/1h30m0s  0285/1000 shared iters
time="2026-06-14T13:00:15-05:00" level=info msg="TRACE|{\"scenario\":\"CARGA-1000\",\"checkoutId\":\"02b62348-d231-41c5-9c75-643e87e95a92\",\"status\":\"COMPLETED\",\"completed\":true}" source=console
time="2026-06-14T13:00:15-05:00" level=info msg="TRACE|{\"scenario\":\"CARGA-1000\",\"checkoutId\":\"21a3667d-adf6-4d9d-a44a-a54619636c0c\",\"status\":\"COMPLETED\",\"completed\":true}" source=console

running (0h02m30.0s), 50/50 VUs, 287 complete and 0 interrupted iterations
checkout_load   [  29% ] 50 VUs  0h02m29.7s/1h30m0s  0287/1000 shared iters
time="2026-06-14T13:00:16-05:00" level=info msg="TRACE|{\"scenario\":\"CARGA-1000\",\"checkoutId\":\"a324755f-1a8b-4bcd-b721-117fe4c6c197\",\"status\":\"COMPLETED\",\"completed\":true}" source=console
time="2026-06-14T13:00:16-05:00" level=info msg="TRACE|{\"scenario\":\"CARGA-1000\",\"checkoutId\":\"188cf468-326c-463b-b40c-a37ca417fb13\",\"status\":\"COMPLETED\",\"completed\":true}" source=console

running (0h02m31.0s), 50/50 VUs, 289 complete and 0 interrupted iterations
checkout_load   [  29% ] 50 VUs  0h02m30.7s/1h30m0s  0289/1000 shared iters
time="2026-06-14T13:00:17-05:00" level=info msg="TRACE|{\"scenario\":\"CARGA-1000\",\"checkoutId\":\"7fcc5b3c-e705-44f4-8ef5-4b58ba104690\",\"status\":\"COMPLETED\",\"completed\":true}" source=console
time="2026-06-14T13:00:17-05:00" level=info msg="TRACE|{\"scenario\":\"CARGA-1000\",\"checkoutId\":\"06edbf33-7605-48e4-8ae0-123b5c5729e5\",\"status\":\"COMPLETED\",\"completed\":true}" source=console

running (0h02m32.0s), 50/50 VUs, 291 complete and 0 interrupted iterations
checkout_load   [  29% ] 50 VUs  0h02m31.7s/1h30m0s  0291/1000 shared iters
time="2026-06-14T13:00:18-05:00" level=info msg="TRACE|{\"scenario\":\"CARGA-1000\",\"checkoutId\":\"5380ce57-1dff-49f0-9fc7-854913b9a67e\",\"status\":\"COMPLETED\",\"completed\":true}" source=console
time="2026-06-14T13:00:18-05:00" level=info msg="TRACE|{\"scenario\":\"CARGA-1000\",\"checkoutId\":\"6436518c-3724-4a71-9025-36abe4b65b58\",\"status\":\"COMPLETED\",\"completed\":true}" source=console

running (0h02m33.0s), 50/50 VUs, 293 complete and 0 interrupted iterations
checkout_load   [  29% ] 50 VUs  0h02m32.7s/1h30m0s  0293/1000 shared iters
time="2026-06-14T13:00:19-05:00" level=info msg="TRACE|{\"scenario\":\"CARGA-1000\",\"checkoutId\":\"06ebba70-bb92-44ae-b89c-70b64256ee21\",\"status\":\"COMPLETED\",\"completed\":true}" source=console
time="2026-06-14T13:00:19-05:00" level=info msg="TRACE|{\"scenario\":\"CARGA-1000\",\"checkoutId\":\"48d14998-e9e9-4077-96eb-df3388df8955\",\"status\":\"COMPLETED\",\"completed\":true}" source=console

running (0h02m34.0s), 50/50 VUs, 295 complete and 0 interrupted iterations
checkout_load   [  30% ] 50 VUs  0h02m33.7s/1h30m0s  0295/1000 shared iters
time="2026-06-14T13:00:20-05:00" level=info msg="TRACE|{\"scenario\":\"CARGA-1000\",\"checkoutId\":\"38063653-a1bc-4cc3-a05a-79448508e02a\",\"status\":\"COMPLETED\",\"completed\":true}" source=console
time="2026-06-14T13:00:20-05:00" level=info msg="TRACE|{\"scenario\":\"CARGA-1000\",\"checkoutId\":\"c8d648d6-fb4f-401a-b5ba-e56ac19bc2ed\",\"status\":\"COMPLETED\",\"completed\":true}" source=console

running (0h02m35.0s), 50/50 VUs, 297 complete and 0 interrupted iterations
checkout_load   [  30% ] 50 VUs  0h02m34.7s/1h30m0s  0297/1000 shared iters
time="2026-06-14T13:00:21-05:00" level=info msg="TRACE|{\"scenario\":\"CARGA-1000\",\"checkoutId\":\"80aacfe5-b81b-4255-8502-6dd64af59a27\",\"status\":\"COMPLETED\",\"completed\":true}" source=console
time="2026-06-14T13:00:21-05:00" level=info msg="TRACE|{\"scenario\":\"CARGA-1000\",\"checkoutId\":\"788433a0-2605-4086-8a85-b17019055d7b\",\"status\":\"COMPLETED\",\"completed\":true}" source=console

running (0h02m36.0s), 50/50 VUs, 299 complete and 0 interrupted iterations
checkout_load   [  30% ] 50 VUs  0h02m35.7s/1h30m0s  0299/1000 shared iters
time="2026-06-14T13:00:22-05:00" level=info msg="TRACE|{\"scenario\":\"CARGA-1000\",\"checkoutId\":\"78964862-58a9-4c74-ae45-20a85731c0f0\",\"status\":\"COMPLETED\",\"completed\":true}" source=console
time="2026-06-14T13:00:22-05:00" level=info msg="TRACE|{\"scenario\":\"CARGA-1000\",\"checkoutId\":\"64a98bfc-534f-4c86-b051-05a5fe6ea97d\",\"status\":\"COMPLETED\",\"completed\":true}" source=console

running (0h02m37.0s), 50/50 VUs, 301 complete and 0 interrupted iterations
checkout_load   [  30% ] 50 VUs  0h02m36.7s/1h30m0s  0301/1000 shared iters
time="2026-06-14T13:00:23-05:00" level=info msg="TRACE|{\"scenario\":\"CARGA-1000\",\"checkoutId\":\"5ad21590-e358-41bb-99b9-9fa695542d62\",\"status\":\"COMPLETED\",\"completed\":true}" source=console
time="2026-06-14T13:00:23-05:00" level=info msg="TRACE|{\"scenario\":\"CARGA-1000\",\"checkoutId\":\"f775892f-4bfb-4568-98f9-e614304249be\",\"status\":\"COMPLETED\",\"completed\":true}" source=console
time="2026-06-14T13:00:23-05:00" level=info msg="TRACE|{\"scenario\":\"CARGA-1000\",\"checkoutId\":\"b3472555-d38c-43bf-86e6-76be1956cca8\",\"status\":\"COMPLETED\",\"completed\":true}" source=console

running (0h02m38.0s), 50/50 VUs, 304 complete and 0 interrupted iterations
checkout_load   [  30% ] 50 VUs  0h02m37.7s/1h30m0s  0304/1000 shared iters

running (0h02m39.0s), 50/50 VUs, 304 complete and 0 interrupted iterations
checkout_load   [  30% ] 50 VUs  0h02m38.7s/1h30m0s  0304/1000 shared iters
time="2026-06-14T13:00:25-05:00" level=info msg="TRACE|{\"scenario\":\"CARGA-1000\",\"checkoutId\":\"da289918-0f70-4393-be5a-855ca63e8453\",\"status\":\"COMPLETED\",\"completed\":true}" source=console
time="2026-06-14T13:00:25-05:00" level=info msg="TRACE|{\"scenario\":\"CARGA-1000\",\"checkoutId\":\"13c5fb9c-a00e-49b0-9d88-f9463dd72271\",\"status\":\"COMPLETED\",\"completed\":true}" source=console
time="2026-06-14T13:00:25-05:00" level=info msg="TRACE|{\"scenario\":\"CARGA-1000\",\"checkoutId\":\"6115a6c3-389e-44b7-b56c-013ed29b7764\",\"status\":\"COMPLETED\",\"completed\":true}" source=console

running (0h02m40.0s), 50/50 VUs, 307 complete and 0 interrupted iterations
checkout_load   [  31% ] 50 VUs  0h02m39.7s/1h30m0s  0307/1000 shared iters
time="2026-06-14T13:00:26-05:00" level=info msg="TRACE|{\"scenario\":\"CARGA-1000\",\"checkoutId\":\"332ef7f6-65b3-47f8-8912-a757161794a2\",\"status\":\"COMPLETED\",\"completed\":true}" source=console

running (0h02m41.0s), 50/50 VUs, 308 complete and 0 interrupted iterations
checkout_load   [  31% ] 50 VUs  0h02m40.7s/1h30m0s  0308/1000 shared iters
time="2026-06-14T13:00:27-05:00" level=info msg="TRACE|{\"scenario\":\"CARGA-1000\",\"checkoutId\":\"6ffea895-83bf-4bf1-8277-540540cf43fe\",\"status\":\"COMPLETED\",\"completed\":true}" source=console
time="2026-06-14T13:00:27-05:00" level=info msg="TRACE|{\"scenario\":\"CARGA-1000\",\"checkoutId\":\"8603d857-a531-4fdf-814f-206f55d486fb\",\"status\":\"COMPLETED\",\"completed\":true}" source=console

running (0h02m42.0s), 50/50 VUs, 310 complete and 0 interrupted iterations
checkout_load   [  31% ] 50 VUs  0h02m41.7s/1h30m0s  0310/1000 shared iters
time="2026-06-14T13:00:28-05:00" level=info msg="TRACE|{\"scenario\":\"CARGA-1000\",\"checkoutId\":\"dd560850-d5ac-4173-99d3-b63a2df02d0b\",\"status\":\"COMPLETED\",\"completed\":true}" source=console
time="2026-06-14T13:00:28-05:00" level=info msg="TRACE|{\"scenario\":\"CARGA-1000\",\"checkoutId\":\"7f421df0-fabd-487e-b97c-324d91c98ac4\",\"status\":\"COMPLETED\",\"completed\":true}" source=console

running (0h02m43.0s), 50/50 VUs, 312 complete and 0 interrupted iterations
checkout_load   [  31% ] 50 VUs  0h02m42.7s/1h30m0s  0312/1000 shared iters
time="2026-06-14T13:00:29-05:00" level=info msg="TRACE|{\"scenario\":\"CARGA-1000\",\"checkoutId\":\"4273fe67-09a5-46eb-9399-063e872603ad\",\"status\":\"COMPLETED\",\"completed\":true}" source=console
time="2026-06-14T13:00:29-05:00" level=info msg="TRACE|{\"scenario\":\"CARGA-1000\",\"checkoutId\":\"83c9308f-5b2f-4606-a6f4-4af9303122af\",\"status\":\"COMPLETED\",\"completed\":true}" source=console
time="2026-06-14T13:00:29-05:00" level=info msg="TRACE|{\"scenario\":\"CARGA-1000\",\"checkoutId\":\"f647f20d-7fa3-479f-a5ae-90ee15e1774b\",\"status\":\"COMPLETED\",\"completed\":true}" source=console

running (0h02m44.0s), 50/50 VUs, 315 complete and 0 interrupted iterations
checkout_load   [  32% ] 50 VUs  0h02m43.7s/1h30m0s  0315/1000 shared iters
time="2026-06-14T13:00:30-05:00" level=info msg="TRACE|{\"scenario\":\"CARGA-1000\",\"checkoutId\":\"b7026fbc-33b1-49f4-8e27-16819d436c12\",\"status\":\"COMPLETED\",\"completed\":true}" source=console

running (0h02m45.0s), 50/50 VUs, 316 complete and 0 interrupted iterations
checkout_load   [  32% ] 50 VUs  0h02m44.7s/1h30m0s  0316/1000 shared iters
time="2026-06-14T13:00:31-05:00" level=info msg="TRACE|{\"scenario\":\"CARGA-1000\",\"checkoutId\":\"529d65c6-49d0-441a-bab6-2d734bc55def\",\"status\":\"COMPLETED\",\"completed\":true}" source=console
time="2026-06-14T13:00:31-05:00" level=info msg="TRACE|{\"scenario\":\"CARGA-1000\",\"checkoutId\":\"f91ffc96-70bc-44c0-8c36-14927bdbbbfe\",\"status\":\"COMPLETED\",\"completed\":true}" source=console

running (0h02m46.0s), 50/50 VUs, 318 complete and 0 interrupted iterations
checkout_load   [  32% ] 50 VUs  0h02m45.7s/1h30m0s  0318/1000 shared iters
time="2026-06-14T13:00:32-05:00" level=info msg="TRACE|{\"scenario\":\"CARGA-1000\",\"checkoutId\":\"97e3c76a-e8ac-456c-8a96-6154f4dd33ef\",\"status\":\"COMPLETED\",\"completed\":true}" source=console
time="2026-06-14T13:00:32-05:00" level=info msg="TRACE|{\"scenario\":\"CARGA-1000\",\"checkoutId\":\"9b418cf8-ffb5-4142-addf-81ccbacb4c36\",\"status\":\"COMPLETED\",\"completed\":true}" source=console
time="2026-06-14T13:00:32-05:00" level=info msg="TRACE|{\"scenario\":\"CARGA-1000\",\"checkoutId\":\"814fa9fc-956d-4f52-bf3d-d0cfcd54ba58\",\"status\":\"COMPLETED\",\"completed\":true}" source=console

running (0h02m47.0s), 50/50 VUs, 321 complete and 0 interrupted iterations
checkout_load   [  32% ] 50 VUs  0h02m46.7s/1h30m0s  0321/1000 shared iters
time="2026-06-14T13:00:33-05:00" level=info msg="TRACE|{\"scenario\":\"CARGA-1000\",\"checkoutId\":\"e7ccb620-2ccc-4af2-92f3-73b3be21a3e7\",\"status\":\"COMPLETED\",\"completed\":true}" source=console
time="2026-06-14T13:00:33-05:00" level=info msg="TRACE|{\"scenario\":\"CARGA-1000\",\"checkoutId\":\"c86417c4-e003-47eb-8bec-ea66ae35d25f\",\"status\":\"COMPLETED\",\"completed\":true}" source=console

running (0h02m48.0s), 50/50 VUs, 323 complete and 0 interrupted iterations
checkout_load   [  32% ] 50 VUs  0h02m47.7s/1h30m0s  0323/1000 shared iters
time="2026-06-14T13:00:34-05:00" level=info msg="TRACE|{\"scenario\":\"CARGA-1000\",\"checkoutId\":\"0db0806f-1b4d-456a-b6f9-34f7d0744b1a\",\"status\":\"COMPLETED\",\"completed\":true}" source=console
time="2026-06-14T13:00:34-05:00" level=info msg="TRACE|{\"scenario\":\"CARGA-1000\",\"checkoutId\":\"0822cb1e-01df-4b7a-95f7-ae0e00db0991\",\"status\":\"COMPLETED\",\"completed\":true}" source=console

running (0h02m49.0s), 50/50 VUs, 325 complete and 0 interrupted iterations
checkout_load   [  32% ] 50 VUs  0h02m48.7s/1h30m0s  0325/1000 shared iters
time="2026-06-14T13:00:35-05:00" level=info msg="TRACE|{\"scenario\":\"CARGA-1000\",\"checkoutId\":\"bc28d67e-cc52-472e-ade6-0986667aeecd\",\"status\":\"COMPLETED\",\"completed\":true}" source=console
time="2026-06-14T13:00:35-05:00" level=info msg="TRACE|{\"scenario\":\"CARGA-1000\",\"checkoutId\":\"51d6aed7-a192-4f9d-aace-4c4363bb05ee\",\"status\":\"COMPLETED\",\"completed\":true}" source=console

running (0h02m50.0s), 50/50 VUs, 327 complete and 0 interrupted iterations
checkout_load   [  33% ] 50 VUs  0h02m49.7s/1h30m0s  0327/1000 shared iters
time="2026-06-14T13:00:36-05:00" level=info msg="TRACE|{\"scenario\":\"CARGA-1000\",\"checkoutId\":\"fb9eb6d3-4973-45ab-a92e-b0ba7feded73\",\"status\":\"COMPLETED\",\"completed\":true}" source=console
time="2026-06-14T13:00:36-05:00" level=info msg="TRACE|{\"scenario\":\"CARGA-1000\",\"checkoutId\":\"6b152338-18ca-44b8-9762-8aab230f4d02\",\"status\":\"COMPLETED\",\"completed\":true}" source=console

running (0h02m51.0s), 50/50 VUs, 329 complete and 0 interrupted iterations
checkout_load   [  33% ] 50 VUs  0h02m50.7s/1h30m0s  0329/1000 shared iters
time="2026-06-14T13:00:37-05:00" level=info msg="TRACE|{\"scenario\":\"CARGA-1000\",\"checkoutId\":\"74cff9c8-bdfa-4579-9b31-db87460605b1\",\"status\":\"COMPLETED\",\"completed\":true}" source=console

running (0h02m52.0s), 50/50 VUs, 330 complete and 0 interrupted iterations
checkout_load   [  33% ] 50 VUs  0h02m51.7s/1h30m0s  0330/1000 shared iters
time="2026-06-14T13:00:38-05:00" level=info msg="TRACE|{\"scenario\":\"CARGA-1000\",\"checkoutId\":\"d445354f-034a-4f0e-bae4-5d0512d1f7ca\",\"status\":\"COMPLETED\",\"completed\":true}" source=console
time="2026-06-14T13:00:38-05:00" level=info msg="TRACE|{\"scenario\":\"CARGA-1000\",\"checkoutId\":\"1129086f-f9e6-4133-ae7c-8179dd8ce884\",\"status\":\"COMPLETED\",\"completed\":true}" source=console

running (0h02m53.0s), 50/50 VUs, 332 complete and 0 interrupted iterations
checkout_load   [  33% ] 50 VUs  0h02m52.7s/1h30m0s  0332/1000 shared iters
time="2026-06-14T13:00:39-05:00" level=info msg="TRACE|{\"scenario\":\"CARGA-1000\",\"checkoutId\":\"8cf0260f-7b28-4c13-9f3b-0f579b543291\",\"status\":\"COMPLETED\",\"completed\":true}" source=console
time="2026-06-14T13:00:39-05:00" level=info msg="TRACE|{\"scenario\":\"CARGA-1000\",\"checkoutId\":\"60cbac59-dc85-4822-a272-8eac91799315\",\"status\":\"COMPLETED\",\"completed\":true}" source=console

running (0h02m54.0s), 50/50 VUs, 334 complete and 0 interrupted iterations
checkout_load   [  33% ] 50 VUs  0h02m53.7s/1h30m0s  0334/1000 shared iters
time="2026-06-14T13:00:40-05:00" level=info msg="TRACE|{\"scenario\":\"CARGA-1000\",\"checkoutId\":\"7a6f7e21-7dc1-4a7b-bd07-0993f8fdbae5\",\"status\":\"COMPLETED\",\"completed\":true}" source=console
time="2026-06-14T13:00:40-05:00" level=info msg="TRACE|{\"scenario\":\"CARGA-1000\",\"checkoutId\":\"e0a19470-70ac-464d-8569-bb5481d201dc\",\"status\":\"COMPLETED\",\"completed\":true}" source=console

running (0h02m55.0s), 50/50 VUs, 336 complete and 0 interrupted iterations
checkout_load   [  34% ] 50 VUs  0h02m54.7s/1h30m0s  0336/1000 shared iters
time="2026-06-14T13:00:41-05:00" level=info msg="TRACE|{\"scenario\":\"CARGA-1000\",\"checkoutId\":\"1ea544d6-4e25-481f-b5f9-cd21bdff113f\",\"status\":\"COMPLETED\",\"completed\":true}" source=console
time="2026-06-14T13:00:41-05:00" level=info msg="TRACE|{\"scenario\":\"CARGA-1000\",\"checkoutId\":\"c563b060-1590-4faf-9b09-ce7b48679c1e\",\"status\":\"COMPLETED\",\"completed\":true}" source=console

running (0h02m56.0s), 50/50 VUs, 338 complete and 0 interrupted iterations
checkout_load   [  34% ] 50 VUs  0h02m55.7s/1h30m0s  0338/1000 shared iters
time="2026-06-14T13:00:42-05:00" level=info msg="TRACE|{\"scenario\":\"CARGA-1000\",\"checkoutId\":\"37b631cb-bf5b-4635-83a0-e5e8e59efee9\",\"status\":\"COMPLETED\",\"completed\":true}" source=console
time="2026-06-14T13:00:42-05:00" level=info msg="TRACE|{\"scenario\":\"CARGA-1000\",\"checkoutId\":\"8ce21ea5-dcb9-41e7-8dbd-68ed9a0af2d2\",\"status\":\"COMPLETED\",\"completed\":true}" source=console

running (0h02m57.0s), 50/50 VUs, 340 complete and 0 interrupted iterations
checkout_load   [  34% ] 50 VUs  0h02m56.7s/1h30m0s  0340/1000 shared iters
time="2026-06-14T13:00:43-05:00" level=info msg="TRACE|{\"scenario\":\"CARGA-1000\",\"checkoutId\":\"7af398d5-f250-4d57-9d07-382958aae276\",\"status\":\"COMPLETED\",\"completed\":true}" source=console

running (0h02m58.0s), 50/50 VUs, 341 complete and 0 interrupted iterations
checkout_load   [  34% ] 50 VUs  0h02m57.7s/1h30m0s  0341/1000 shared iters
time="2026-06-14T13:00:44-05:00" level=info msg="TRACE|{\"scenario\":\"CARGA-1000\",\"checkoutId\":\"45682d1c-22a9-428e-b400-afc841358379\",\"status\":\"COMPLETED\",\"completed\":true}" source=console
time="2026-06-14T13:00:44-05:00" level=info msg="TRACE|{\"scenario\":\"CARGA-1000\",\"checkoutId\":\"3c7771be-9d53-470a-8c36-bf0a859c23cd\",\"status\":\"COMPLETED\",\"completed\":true}" source=console
time="2026-06-14T13:00:44-05:00" level=info msg="TRACE|{\"scenario\":\"CARGA-1000\",\"checkoutId\":\"0579230f-7a21-4f04-aa51-a09fa849370c\",\"status\":\"COMPLETED\",\"completed\":true}" source=console

running (0h02m59.0s), 50/50 VUs, 344 complete and 0 interrupted iterations
checkout_load   [  34% ] 50 VUs  0h02m58.7s/1h30m0s  0344/1000 shared iters
time="2026-06-14T13:00:45-05:00" level=info msg="TRACE|{\"scenario\":\"CARGA-1000\",\"checkoutId\":\"16425572-36dc-4b4e-a2d2-98784c42b504\",\"status\":\"COMPLETED\",\"completed\":true}" source=console
time="2026-06-14T13:00:46-05:00" level=info msg="TRACE|{\"scenario\":\"CARGA-1000\",\"checkoutId\":\"13e36150-11b7-41f6-9399-f8ed4f3aa3d8\",\"status\":\"COMPLETED\",\"completed\":true}" source=console

running (0h03m00.0s), 50/50 VUs, 346 complete and 0 interrupted iterations
checkout_load   [  35% ] 50 VUs  0h02m59.7s/1h30m0s  0346/1000 shared iters
time="2026-06-14T13:00:46-05:00" level=info msg="TRACE|{\"scenario\":\"CARGA-1000\",\"checkoutId\":\"1a523621-8e84-4fd7-8e37-fecfefce1ae5\",\"status\":\"COMPLETED\",\"completed\":true}" source=console

running (0h03m01.0s), 50/50 VUs, 347 complete and 0 interrupted iterations
checkout_load   [  35% ] 50 VUs  0h03m00.7s/1h30m0s  0347/1000 shared iters
time="2026-06-14T13:00:47-05:00" level=info msg="TRACE|{\"scenario\":\"CARGA-1000\",\"checkoutId\":\"dabf0a41-ffba-4927-95f7-bd35aa34eedf\",\"status\":\"COMPLETED\",\"completed\":true}" source=console
time="2026-06-14T13:00:48-05:00" level=info msg="TRACE|{\"scenario\":\"CARGA-1000\",\"checkoutId\":\"2af2fa44-60f9-4e88-9c88-7f16d520ebc5\",\"status\":\"COMPLETED\",\"completed\":true}" source=console

running (0h03m02.0s), 50/50 VUs, 349 complete and 0 interrupted iterations
checkout_load   [  35% ] 50 VUs  0h03m01.7s/1h30m0s  0349/1000 shared iters
time="2026-06-14T13:00:48-05:00" level=info msg="TRACE|{\"scenario\":\"CARGA-1000\",\"checkoutId\":\"e91d6e5d-dfed-4e4e-949b-1e9a67898015\",\"status\":\"COMPLETED\",\"completed\":true}" source=console

running (0h03m03.0s), 50/50 VUs, 350 complete and 0 interrupted iterations
checkout_load   [  35% ] 50 VUs  0h03m02.7s/1h30m0s  0350/1000 shared iters
time="2026-06-14T13:00:49-05:00" level=info msg="TRACE|{\"scenario\":\"CARGA-1000\",\"checkoutId\":\"54aa920b-3017-4568-b8ae-b7bc509b74fe\",\"status\":\"COMPLETED\",\"completed\":true}" source=console
time="2026-06-14T13:00:49-05:00" level=info msg="TRACE|{\"scenario\":\"CARGA-1000\",\"checkoutId\":\"2d90eaee-eee4-4d60-a95c-a721375e7d51\",\"status\":\"COMPLETED\",\"completed\":true}" source=console
time="2026-06-14T13:00:49-05:00" level=info msg="TRACE|{\"scenario\":\"CARGA-1000\",\"checkoutId\":\"573bfefe-f4e7-4bb4-b9de-e78569fcb9a4\",\"status\":\"COMPLETED\",\"completed\":true}" source=console
time="2026-06-14T13:00:49-05:00" level=info msg="TRACE|{\"scenario\":\"CARGA-1000\",\"checkoutId\":\"21b7e7d6-4492-49b1-b8e9-b6624772cd59\",\"status\":\"COMPLETED\",\"completed\":true}" source=console

running (0h03m04.0s), 50/50 VUs, 354 complete and 0 interrupted iterations
checkout_load   [  35% ] 50 VUs  0h03m03.7s/1h30m0s  0354/1000 shared iters
time="2026-06-14T13:00:50-05:00" level=info msg="TRACE|{\"scenario\":\"CARGA-1000\",\"checkoutId\":\"18b9351a-cea3-4737-a392-6719d8b9578e\",\"status\":\"COMPLETED\",\"completed\":true}" source=console

running (0h03m05.0s), 50/50 VUs, 355 complete and 0 interrupted iterations
checkout_load   [  36% ] 50 VUs  0h03m04.7s/1h30m0s  0355/1000 shared iters
time="2026-06-14T13:00:51-05:00" level=info msg="TRACE|{\"scenario\":\"CARGA-1000\",\"checkoutId\":\"aa2519e7-c6d1-4420-9bab-e1ceef0315c2\",\"status\":\"COMPLETED\",\"completed\":true}" source=console
time="2026-06-14T13:00:51-05:00" level=info msg="TRACE|{\"scenario\":\"CARGA-1000\",\"checkoutId\":\"a93640dc-ece7-4e6d-b491-3b532d6dc82f\",\"status\":\"COMPLETED\",\"completed\":true}" source=console

running (0h03m06.0s), 50/50 VUs, 357 complete and 0 interrupted iterations
checkout_load   [  36% ] 50 VUs  0h03m05.7s/1h30m0s  0357/1000 shared iters
time="2026-06-14T13:00:52-05:00" level=info msg="TRACE|{\"scenario\":\"CARGA-1000\",\"checkoutId\":\"98837b09-8ff0-4606-8cd3-dff5f8ff0d38\",\"status\":\"COMPLETED\",\"completed\":true}" source=console
time="2026-06-14T13:00:52-05:00" level=info msg="TRACE|{\"scenario\":\"CARGA-1000\",\"checkoutId\":\"8806969b-5c34-45df-a59b-c7adfd6cb90d\",\"status\":\"COMPLETED\",\"completed\":true}" source=console
time="2026-06-14T13:00:52-05:00" level=info msg="TRACE|{\"scenario\":\"CARGA-1000\",\"checkoutId\":\"a00b40f5-8afd-4a9c-98cc-a17a64001a00\",\"status\":\"COMPLETED\",\"completed\":true}" source=console

running (0h03m07.0s), 50/50 VUs, 360 complete and 0 interrupted iterations
checkout_load   [  36% ] 50 VUs  0h03m06.7s/1h30m0s  0360/1000 shared iters
time="2026-06-14T13:00:53-05:00" level=info msg="TRACE|{\"scenario\":\"CARGA-1000\",\"checkoutId\":\"1bedcbbe-e8f5-4929-95de-f2cbf4f40158\",\"status\":\"COMPLETED\",\"completed\":true}" source=console
time="2026-06-14T13:00:53-05:00" level=info msg="TRACE|{\"scenario\":\"CARGA-1000\",\"checkoutId\":\"47eb0864-ef2b-49f9-adbd-24e947330246\",\"status\":\"COMPLETED\",\"completed\":true}" source=console

running (0h03m08.0s), 50/50 VUs, 362 complete and 0 interrupted iterations
checkout_load   [  36% ] 50 VUs  0h03m07.7s/1h30m0s  0362/1000 shared iters
time="2026-06-14T13:00:54-05:00" level=info msg="TRACE|{\"scenario\":\"CARGA-1000\",\"checkoutId\":\"8b408cbb-95aa-4ddc-a31f-e942c7d46a9b\",\"status\":\"COMPLETED\",\"completed\":true}" source=console
time="2026-06-14T13:00:54-05:00" level=info msg="TRACE|{\"scenario\":\"CARGA-1000\",\"checkoutId\":\"ef80bafa-3e17-4b39-acc3-16ac7eb1f6ea\",\"status\":\"COMPLETED\",\"completed\":true}" source=console

running (0h03m09.0s), 50/50 VUs, 364 complete and 0 interrupted iterations
checkout_load   [  36% ] 50 VUs  0h03m08.7s/1h30m0s  0364/1000 shared iters
time="2026-06-14T13:00:55-05:00" level=info msg="TRACE|{\"scenario\":\"CARGA-1000\",\"checkoutId\":\"20afab0a-a7ff-4ed8-a4fb-50b41366582e\",\"status\":\"COMPLETED\",\"completed\":true}" source=console
time="2026-06-14T13:00:55-05:00" level=info msg="TRACE|{\"scenario\":\"CARGA-1000\",\"checkoutId\":\"b41c2e1a-fed5-4a47-96db-975e0a9809f6\",\"status\":\"COMPLETED\",\"completed\":true}" source=console

running (0h03m10.0s), 50/50 VUs, 366 complete and 0 interrupted iterations
checkout_load   [  37% ] 50 VUs  0h03m09.7s/1h30m0s  0366/1000 shared iters
time="2026-06-14T13:00:56-05:00" level=info msg="TRACE|{\"scenario\":\"CARGA-1000\",\"checkoutId\":\"947c7daa-0375-4b0e-9c71-638067f67b15\",\"status\":\"COMPLETED\",\"completed\":true}" source=console
time="2026-06-14T13:00:56-05:00" level=info msg="TRACE|{\"scenario\":\"CARGA-1000\",\"checkoutId\":\"95e26c3d-8957-43cb-bb44-ceeab8aa2fd5\",\"status\":\"COMPLETED\",\"completed\":true}" source=console
time="2026-06-14T13:00:57-05:00" level=info msg="TRACE|{\"scenario\":\"CARGA-1000\",\"checkoutId\":\"b0939e06-f591-4bf6-955e-5d7b226b7c15\",\"status\":\"COMPLETED\",\"completed\":true}" source=console

running (0h03m11.0s), 50/50 VUs, 369 complete and 0 interrupted iterations
checkout_load   [  37% ] 50 VUs  0h03m10.7s/1h30m0s  0369/1000 shared iters
time="2026-06-14T13:00:58-05:00" level=info msg="TRACE|{\"scenario\":\"CARGA-1000\",\"checkoutId\":\"1db45967-4ae6-49b1-add4-0fbf847e3376\",\"status\":\"COMPLETED\",\"completed\":true}" source=console

running (0h03m12.0s), 50/50 VUs, 370 complete and 0 interrupted iterations
checkout_load   [  37% ] 50 VUs  0h03m11.7s/1h30m0s  0370/1000 shared iters
time="2026-06-14T13:00:58-05:00" level=info msg="TRACE|{\"scenario\":\"CARGA-1000\",\"checkoutId\":\"14902f2f-a6b6-4410-a438-8463879268d0\",\"status\":\"COMPLETED\",\"completed\":true}" source=console

running (0h03m13.0s), 50/50 VUs, 371 complete and 0 interrupted iterations
checkout_load   [  37% ] 50 VUs  0h03m12.7s/1h30m0s  0371/1000 shared iters
time="2026-06-14T13:00:59-05:00" level=info msg="TRACE|{\"scenario\":\"CARGA-1000\",\"checkoutId\":\"114d0a99-9dda-4360-b961-67cf0caeeacc\",\"status\":\"COMPLETED\",\"completed\":true}" source=console
time="2026-06-14T13:00:59-05:00" level=info msg="TRACE|{\"scenario\":\"CARGA-1000\",\"checkoutId\":\"12bbefd2-9904-4d08-b0ca-2ca330cd5339\",\"status\":\"COMPLETED\",\"completed\":true}" source=console

running (0h03m14.0s), 50/50 VUs, 373 complete and 0 interrupted iterations
checkout_load   [  37% ] 50 VUs  0h03m13.7s/1h30m0s  0373/1000 shared iters
time="2026-06-14T13:01:00-05:00" level=info msg="TRACE|{\"scenario\":\"CARGA-1000\",\"checkoutId\":\"5ca00375-085c-4638-84e4-b84325fbe7c9\",\"status\":\"COMPLETED\",\"completed\":true}" source=console
time="2026-06-14T13:01:00-05:00" level=info msg="TRACE|{\"scenario\":\"CARGA-1000\",\"checkoutId\":\"7bf80271-66f2-4d55-ba20-285fe94d5606\",\"status\":\"COMPLETED\",\"completed\":true}" source=console

running (0h03m15.0s), 50/50 VUs, 375 complete and 0 interrupted iterations
checkout_load   [  38% ] 50 VUs  0h03m14.7s/1h30m0s  0375/1000 shared iters
time="2026-06-14T13:01:01-05:00" level=info msg="TRACE|{\"scenario\":\"CARGA-1000\",\"checkoutId\":\"f125a0d3-ee31-498a-99cf-30869bdc40ce\",\"status\":\"COMPLETED\",\"completed\":true}" source=console
time="2026-06-14T13:01:01-05:00" level=info msg="TRACE|{\"scenario\":\"CARGA-1000\",\"checkoutId\":\"cde2ea45-a746-4dfc-89d6-e5924e81d1f1\",\"status\":\"COMPLETED\",\"completed\":true}" source=console

running (0h03m16.0s), 50/50 VUs, 377 complete and 0 interrupted iterations
checkout_load   [  38% ] 50 VUs  0h03m15.7s/1h30m0s  0377/1000 shared iters
time="2026-06-14T13:01:02-05:00" level=info msg="TRACE|{\"scenario\":\"CARGA-1000\",\"checkoutId\":\"80601d15-18a3-432a-aeb7-549139d49ca2\",\"status\":\"COMPLETED\",\"completed\":true}" source=console
time="2026-06-14T13:01:02-05:00" level=info msg="TRACE|{\"scenario\":\"CARGA-1000\",\"checkoutId\":\"accfc0b5-89a2-433c-baf2-2eff9063ca23\",\"status\":\"COMPLETED\",\"completed\":true}" source=console
time="2026-06-14T13:01:02-05:00" level=info msg="TRACE|{\"scenario\":\"CARGA-1000\",\"checkoutId\":\"5ee79c0a-647d-4d5f-a34e-f93fb3e2a6c1\",\"status\":\"COMPLETED\",\"completed\":true}" source=console

running (0h03m17.0s), 50/50 VUs, 380 complete and 0 interrupted iterations
checkout_load   [  38% ] 50 VUs  0h03m16.7s/1h30m0s  0380/1000 shared iters
time="2026-06-14T13:01:03-05:00" level=info msg="TRACE|{\"scenario\":\"CARGA-1000\",\"checkoutId\":\"9ebd2e57-a237-4563-9f68-d7932e7ee701\",\"status\":\"COMPLETED\",\"completed\":true}" source=console

running (0h03m18.0s), 50/50 VUs, 381 complete and 0 interrupted iterations
checkout_load   [  38% ] 50 VUs  0h03m17.7s/1h30m0s  0381/1000 shared iters
time="2026-06-14T13:01:04-05:00" level=info msg="TRACE|{\"scenario\":\"CARGA-1000\",\"checkoutId\":\"e73c54c1-df83-4f48-bc2f-ef1a03da149b\",\"status\":\"COMPLETED\",\"completed\":true}" source=console
time="2026-06-14T13:01:04-05:00" level=info msg="TRACE|{\"scenario\":\"CARGA-1000\",\"checkoutId\":\"dc461462-1cd6-4442-83cf-36c152e8c8cb\",\"status\":\"COMPLETED\",\"completed\":true}" source=console

running (0h03m19.0s), 50/50 VUs, 383 complete and 0 interrupted iterations
checkout_load   [  38% ] 50 VUs  0h03m18.7s/1h30m0s  0383/1000 shared iters
time="2026-06-14T13:01:05-05:00" level=info msg="TRACE|{\"scenario\":\"CARGA-1000\",\"checkoutId\":\"702c30ab-d5cc-4c69-b0da-7ea903bc09a6\",\"status\":\"COMPLETED\",\"completed\":true}" source=console
time="2026-06-14T13:01:05-05:00" level=info msg="TRACE|{\"scenario\":\"CARGA-1000\",\"checkoutId\":\"66a2e7e7-f88d-4f01-b62c-ac70b13a1520\",\"status\":\"COMPLETED\",\"completed\":true}" source=console
time="2026-06-14T13:01:05-05:00" level=info msg="TRACE|{\"scenario\":\"CARGA-1000\",\"checkoutId\":\"bc0bfe41-8c3c-435d-96a9-0ebe027977c0\",\"status\":\"COMPLETED\",\"completed\":true}" source=console

running (0h03m20.0s), 50/50 VUs, 386 complete and 0 interrupted iterations
checkout_load   [  39% ] 50 VUs  0h03m19.7s/1h30m0s  0386/1000 shared iters
time="2026-06-14T13:01:06-05:00" level=info msg="TRACE|{\"scenario\":\"CARGA-1000\",\"checkoutId\":\"0ee502a3-282d-4730-8638-7070b0cebdd6\",\"status\":\"COMPLETED\",\"completed\":true}" source=console

running (0h03m21.0s), 50/50 VUs, 387 complete and 0 interrupted iterations
checkout_load   [  39% ] 50 VUs  0h03m20.7s/1h30m0s  0387/1000 shared iters
time="2026-06-14T13:01:07-05:00" level=info msg="TRACE|{\"scenario\":\"CARGA-1000\",\"checkoutId\":\"2e1e0946-a36b-4e65-82d9-0fb71fc4d6a9\",\"status\":\"COMPLETED\",\"completed\":true}" source=console
time="2026-06-14T13:01:07-05:00" level=info msg="TRACE|{\"scenario\":\"CARGA-1000\",\"checkoutId\":\"d7029db4-57b6-42a2-9304-135c27235f78\",\"status\":\"COMPLETED\",\"completed\":true}" source=console

running (0h03m22.0s), 50/50 VUs, 389 complete and 0 interrupted iterations
checkout_load   [  39% ] 50 VUs  0h03m21.7s/1h30m0s  0389/1000 shared iters
time="2026-06-14T13:01:08-05:00" level=info msg="TRACE|{\"scenario\":\"CARGA-1000\",\"checkoutId\":\"a7b5ab45-47fc-441e-bb55-e251e0aabf44\",\"status\":\"COMPLETED\",\"completed\":true}" source=console
time="2026-06-14T13:01:08-05:00" level=info msg="TRACE|{\"scenario\":\"CARGA-1000\",\"checkoutId\":\"88453a48-2185-4f41-b352-d87beb2017fd\",\"status\":\"COMPLETED\",\"completed\":true}" source=console

running (0h03m23.0s), 50/50 VUs, 391 complete and 0 interrupted iterations
checkout_load   [  39% ] 50 VUs  0h03m22.7s/1h30m0s  0391/1000 shared iters
time="2026-06-14T13:01:09-05:00" level=info msg="TRACE|{\"scenario\":\"CARGA-1000\",\"checkoutId\":\"c99021f6-912c-4d36-b0e3-ad911a9e09da\",\"status\":\"COMPLETED\",\"completed\":true}" source=console
time="2026-06-14T13:01:09-05:00" level=info msg="TRACE|{\"scenario\":\"CARGA-1000\",\"checkoutId\":\"d50e2783-3976-4d33-bef5-c718400e29f3\",\"status\":\"COMPLETED\",\"completed\":true}" source=console
time="2026-06-14T13:01:09-05:00" level=info msg="TRACE|{\"scenario\":\"CARGA-1000\",\"checkoutId\":\"96539764-6aeb-42d1-a3f9-a7c93fbf332c\",\"status\":\"COMPLETED\",\"completed\":true}" source=console

running (0h03m24.0s), 50/50 VUs, 394 complete and 0 interrupted iterations
checkout_load   [  39% ] 50 VUs  0h03m23.7s/1h30m0s  0394/1000 shared iters
time="2026-06-14T13:01:10-05:00" level=info msg="TRACE|{\"scenario\":\"CARGA-1000\",\"checkoutId\":\"4a18b6e3-665b-49a4-afe4-54cda6fa3178\",\"status\":\"COMPLETED\",\"completed\":true}" source=console
time="2026-06-14T13:01:10-05:00" level=info msg="TRACE|{\"scenario\":\"CARGA-1000\",\"checkoutId\":\"a2b56dd6-d231-4319-9d39-5ed3b26562d8\",\"status\":\"COMPLETED\",\"completed\":true}" source=console

running (0h03m25.0s), 50/50 VUs, 396 complete and 0 interrupted iterations
checkout_load   [  40% ] 50 VUs  0h03m24.7s/1h30m0s  0396/1000 shared iters
time="2026-06-14T13:01:11-05:00" level=info msg="TRACE|{\"scenario\":\"CARGA-1000\",\"checkoutId\":\"1d48bee3-35b9-428a-abab-0aa30153cb78\",\"status\":\"COMPLETED\",\"completed\":true}" source=console

running (0h03m26.0s), 50/50 VUs, 397 complete and 0 interrupted iterations
checkout_load   [  40% ] 50 VUs  0h03m25.7s/1h30m0s  0397/1000 shared iters
time="2026-06-14T13:01:12-05:00" level=info msg="TRACE|{\"scenario\":\"CARGA-1000\",\"checkoutId\":\"d5a4234e-0e98-4fb5-bd40-d80d8d4b50b1\",\"status\":\"COMPLETED\",\"completed\":true}" source=console
time="2026-06-14T13:01:12-05:00" level=info msg="TRACE|{\"scenario\":\"CARGA-1000\",\"checkoutId\":\"39ec3688-919b-4ff0-92d1-3d03abd571cf\",\"status\":\"COMPLETED\",\"completed\":true}" source=console

running (0h03m27.0s), 50/50 VUs, 399 complete and 0 interrupted iterations
checkout_load   [  40% ] 50 VUs  0h03m26.7s/1h30m0s  0399/1000 shared iters
time="2026-06-14T13:01:13-05:00" level=info msg="TRACE|{\"scenario\":\"CARGA-1000\",\"checkoutId\":\"ca4e86b3-da58-4a4a-8b8c-d8fa2794f8dd\",\"status\":\"COMPLETED\",\"completed\":true}" source=console
time="2026-06-14T13:01:13-05:00" level=info msg="TRACE|{\"scenario\":\"CARGA-1000\",\"checkoutId\":\"6fd26634-b134-4917-8212-76f67faff9e5\",\"status\":\"COMPLETED\",\"completed\":true}" source=console
time="2026-06-14T13:01:14-05:00" level=info msg="TRACE|{\"scenario\":\"CARGA-1000\",\"checkoutId\":\"0783cd63-a27b-4516-abfa-ba0cbb26cf42\",\"status\":\"COMPLETED\",\"completed\":true}" source=console

running (0h03m28.0s), 50/50 VUs, 402 complete and 0 interrupted iterations
checkout_load   [  40% ] 50 VUs  0h03m27.7s/1h30m0s  0402/1000 shared iters
time="2026-06-14T13:01:15-05:00" level=info msg="TRACE|{\"scenario\":\"CARGA-1000\",\"checkoutId\":\"f9aef48d-033a-4491-8d23-26368a555b74\",\"status\":\"COMPLETED\",\"completed\":true}" source=console

running (0h03m29.0s), 50/50 VUs, 403 complete and 0 interrupted iterations
checkout_load   [  40% ] 50 VUs  0h03m28.7s/1h30m0s  0403/1000 shared iters
time="2026-06-14T13:01:15-05:00" level=info msg="TRACE|{\"scenario\":\"CARGA-1000\",\"checkoutId\":\"fc57f5b2-c2f4-4149-914f-721900d66fc3\",\"status\":\"COMPLETED\",\"completed\":true}" source=console

running (0h03m30.0s), 50/50 VUs, 404 complete and 0 interrupted iterations
checkout_load   [  40% ] 50 VUs  0h03m29.7s/1h30m0s  0404/1000 shared iters
time="2026-06-14T13:01:16-05:00" level=info msg="TRACE|{\"scenario\":\"CARGA-1000\",\"checkoutId\":\"98f986fc-b100-4e95-906c-864b2d089177\",\"status\":\"COMPLETED\",\"completed\":true}" source=console
time="2026-06-14T13:01:16-05:00" level=info msg="TRACE|{\"scenario\":\"CARGA-1000\",\"checkoutId\":\"db376afa-d57d-4bc2-9d00-68179010dfaf\",\"status\":\"COMPLETED\",\"completed\":true}" source=console
time="2026-06-14T13:01:16-05:00" level=info msg="TRACE|{\"scenario\":\"CARGA-1000\",\"checkoutId\":\"9b083bad-4d62-4b27-958e-d8609ba2a21e\",\"status\":\"COMPLETED\",\"completed\":true}" source=console
time="2026-06-14T13:01:16-05:00" level=info msg="TRACE|{\"scenario\":\"CARGA-1000\",\"checkoutId\":\"d5fd1a0e-b143-4ab8-9995-0a0da354376c\",\"status\":\"COMPLETED\",\"completed\":true}" source=console

running (0h03m31.0s), 50/50 VUs, 408 complete and 0 interrupted iterations
checkout_load   [  41% ] 50 VUs  0h03m30.7s/1h30m0s  0408/1000 shared iters

running (0h03m32.0s), 50/50 VUs, 408 complete and 0 interrupted iterations
checkout_load   [  41% ] 50 VUs  0h03m31.7s/1h30m0s  0408/1000 shared iters
time="2026-06-14T13:01:18-05:00" level=info msg="TRACE|{\"scenario\":\"CARGA-1000\",\"checkoutId\":\"9291cd89-119c-4f11-bc99-466864b5fcb1\",\"status\":\"COMPLETED\",\"completed\":true}" source=console
time="2026-06-14T13:01:18-05:00" level=info msg="TRACE|{\"scenario\":\"CARGA-1000\",\"checkoutId\":\"d059e17b-5ab4-487c-9149-df5ffd1800d6\",\"status\":\"COMPLETED\",\"completed\":true}" source=console
time="2026-06-14T13:01:19-05:00" level=info msg="TRACE|{\"scenario\":\"CARGA-1000\",\"checkoutId\":\"4fd80ab3-9c4d-4d9c-84ec-62edcc5b2cb5\",\"status\":\"COMPLETED\",\"completed\":true}" source=console

running (0h03m33.0s), 50/50 VUs, 411 complete and 0 interrupted iterations
checkout_load   [  41% ] 50 VUs  0h03m32.7s/1h30m0s  0411/1000 shared iters
time="2026-06-14T13:01:19-05:00" level=info msg="TRACE|{\"scenario\":\"CARGA-1000\",\"checkoutId\":\"4e586993-194b-41b4-8db9-77ea6f61fe3c\",\"status\":\"COMPLETED\",\"completed\":true}" source=console

running (0h03m34.0s), 50/50 VUs, 412 complete and 0 interrupted iterations
checkout_load   [  41% ] 50 VUs  0h03m33.7s/1h30m0s  0412/1000 shared iters
time="2026-06-14T13:01:20-05:00" level=info msg="TRACE|{\"scenario\":\"CARGA-1000\",\"checkoutId\":\"93fa74cb-a595-4a03-b982-d3dad2e4024e\",\"status\":\"COMPLETED\",\"completed\":true}" source=console
time="2026-06-14T13:01:20-05:00" level=info msg="TRACE|{\"scenario\":\"CARGA-1000\",\"checkoutId\":\"5a064c50-d93b-400c-8ba6-2b122a8883a1\",\"status\":\"COMPLETED\",\"completed\":true}" source=console

running (0h03m35.0s), 50/50 VUs, 414 complete and 0 interrupted iterations
checkout_load   [  41% ] 50 VUs  0h03m34.7s/1h30m0s  0414/1000 shared iters
time="2026-06-14T13:01:21-05:00" level=info msg="TRACE|{\"scenario\":\"CARGA-1000\",\"checkoutId\":\"c0172657-66c8-4477-a6eb-2a750bfd6c71\",\"status\":\"COMPLETED\",\"completed\":true}" source=console
time="2026-06-14T13:01:21-05:00" level=info msg="TRACE|{\"scenario\":\"CARGA-1000\",\"checkoutId\":\"38b830ba-39e8-43ac-b665-b200600ab5d7\",\"status\":\"COMPLETED\",\"completed\":true}" source=console
time="2026-06-14T13:01:21-05:00" level=info msg="TRACE|{\"scenario\":\"CARGA-1000\",\"checkoutId\":\"4affd95f-3dd6-4a52-b52b-d024cddb12e1\",\"status\":\"COMPLETED\",\"completed\":true}" source=console

running (0h03m36.0s), 50/50 VUs, 417 complete and 0 interrupted iterations
checkout_load   [  42% ] 50 VUs  0h03m35.7s/1h30m0s  0417/1000 shared iters
time="2026-06-14T13:01:22-05:00" level=info msg="TRACE|{\"scenario\":\"CARGA-1000\",\"checkoutId\":\"a4384c93-6538-4469-83d8-1bb3e3666479\",\"status\":\"COMPLETED\",\"completed\":true}" source=console
time="2026-06-14T13:01:22-05:00" level=info msg="TRACE|{\"scenario\":\"CARGA-1000\",\"checkoutId\":\"7a217649-c896-4a7e-82f0-1ad21ac1a07e\",\"status\":\"COMPLETED\",\"completed\":true}" source=console

running (0h03m37.0s), 50/50 VUs, 419 complete and 0 interrupted iterations
checkout_load   [  42% ] 50 VUs  0h03m36.7s/1h30m0s  0419/1000 shared iters
time="2026-06-14T13:01:23-05:00" level=info msg="TRACE|{\"scenario\":\"CARGA-1000\",\"checkoutId\":\"7ce43b9d-5e27-4900-9643-99bc79115297\",\"status\":\"COMPLETED\",\"completed\":true}" source=console

running (0h03m38.0s), 50/50 VUs, 420 complete and 0 interrupted iterations
checkout_load   [  42% ] 50 VUs  0h03m37.7s/1h30m0s  0420/1000 shared iters
time="2026-06-14T13:01:24-05:00" level=info msg="TRACE|{\"scenario\":\"CARGA-1000\",\"checkoutId\":\"2f2114af-2d54-461e-a32c-6a17066d5cd6\",\"status\":\"COMPLETED\",\"completed\":true}" source=console
time="2026-06-14T13:01:24-05:00" level=info msg="TRACE|{\"scenario\":\"CARGA-1000\",\"checkoutId\":\"bd9b5523-ef6a-4e36-b794-2a53cb6e0076\",\"status\":\"COMPLETED\",\"completed\":true}" source=console
time="2026-06-14T13:01:24-05:00" level=info msg="TRACE|{\"scenario\":\"CARGA-1000\",\"checkoutId\":\"b198df43-dd73-440e-807f-91481d88058f\",\"status\":\"COMPLETED\",\"completed\":true}" source=console

running (0h03m39.0s), 50/50 VUs, 423 complete and 0 interrupted iterations
checkout_load   [  42% ] 50 VUs  0h03m38.7s/1h30m0s  0423/1000 shared iters
time="2026-06-14T13:01:25-05:00" level=info msg="TRACE|{\"scenario\":\"CARGA-1000\",\"checkoutId\":\"265e6258-d4bf-4f96-bece-a4026563023e\",\"status\":\"COMPLETED\",\"completed\":true}" source=console
time="2026-06-14T13:01:25-05:00" level=info msg="TRACE|{\"scenario\":\"CARGA-1000\",\"checkoutId\":\"170ee60b-97eb-4602-a5d5-41933de249d4\",\"status\":\"COMPLETED\",\"completed\":true}" source=console

running (0h03m40.0s), 50/50 VUs, 425 complete and 0 interrupted iterations
checkout_load   [  42% ] 50 VUs  0h03m39.7s/1h30m0s  0425/1000 shared iters
time="2026-06-14T13:01:26-05:00" level=info msg="TRACE|{\"scenario\":\"CARGA-1000\",\"checkoutId\":\"c847010c-35c7-4c97-8560-e9cefc2a0d23\",\"status\":\"COMPLETED\",\"completed\":true}" source=console
time="2026-06-14T13:01:26-05:00" level=info msg="TRACE|{\"scenario\":\"CARGA-1000\",\"checkoutId\":\"465eb3b4-51ed-4479-8dc9-b7fcf4bc6cd4\",\"status\":\"COMPLETED\",\"completed\":true}" source=console

running (0h03m41.0s), 50/50 VUs, 427 complete and 0 interrupted iterations
checkout_load   [  43% ] 50 VUs  0h03m40.7s/1h30m0s  0427/1000 shared iters
time="2026-06-14T13:01:27-05:00" level=info msg="TRACE|{\"scenario\":\"CARGA-1000\",\"checkoutId\":\"c0eaf7a5-3f1a-46e8-b278-6101b2c9c034\",\"status\":\"COMPLETED\",\"completed\":true}" source=console
time="2026-06-14T13:01:28-05:00" level=info msg="TRACE|{\"scenario\":\"CARGA-1000\",\"checkoutId\":\"39e39308-195e-454b-9541-4eef9b99e642\",\"status\":\"COMPLETED\",\"completed\":true}" source=console

running (0h03m42.0s), 50/50 VUs, 429 complete and 0 interrupted iterations
checkout_load   [  43% ] 50 VUs  0h03m41.7s/1h30m0s  0429/1000 shared iters
time="2026-06-14T13:01:28-05:00" level=info msg="TRACE|{\"scenario\":\"CARGA-1000\",\"checkoutId\":\"cf933411-1ced-4966-aa40-ca56e78626f2\",\"status\":\"COMPLETED\",\"completed\":true}" source=console
time="2026-06-14T13:01:28-05:00" level=info msg="TRACE|{\"scenario\":\"CARGA-1000\",\"checkoutId\":\"8df39d4f-0ba5-4376-9987-b936b0680b31\",\"status\":\"COMPLETED\",\"completed\":true}" source=console

running (0h03m43.0s), 50/50 VUs, 431 complete and 0 interrupted iterations
checkout_load   [  43% ] 50 VUs  0h03m42.7s/1h30m0s  0431/1000 shared iters
time="2026-06-14T13:01:29-05:00" level=info msg="TRACE|{\"scenario\":\"CARGA-1000\",\"checkoutId\":\"acddc096-8944-452b-9489-b5033cd00294\",\"status\":\"COMPLETED\",\"completed\":true}" source=console

running (0h03m44.0s), 50/50 VUs, 432 complete and 0 interrupted iterations
checkout_load   [  43% ] 50 VUs  0h03m43.7s/1h30m0s  0432/1000 shared iters
time="2026-06-14T13:01:30-05:00" level=info msg="TRACE|{\"scenario\":\"CARGA-1000\",\"checkoutId\":\"0f542d8b-7457-4aa5-bf16-f6fbd6b5d7b6\",\"status\":\"COMPLETED\",\"completed\":true}" source=console
time="2026-06-14T13:01:30-05:00" level=info msg="TRACE|{\"scenario\":\"CARGA-1000\",\"checkoutId\":\"8f6fa23a-069b-42af-b3b4-2ed6919e0150\",\"status\":\"COMPLETED\",\"completed\":true}" source=console

running (0h03m45.0s), 50/50 VUs, 434 complete and 0 interrupted iterations
checkout_load   [  43% ] 50 VUs  0h03m44.7s/1h30m0s  0434/1000 shared iters
time="2026-06-14T13:01:31-05:00" level=info msg="TRACE|{\"scenario\":\"CARGA-1000\",\"checkoutId\":\"97c1adf4-1a30-4fa4-ae15-d31ff16ef013\",\"status\":\"COMPLETED\",\"completed\":true}" source=console
time="2026-06-14T13:01:31-05:00" level=info msg="TRACE|{\"scenario\":\"CARGA-1000\",\"checkoutId\":\"a2bddfe8-65a9-46a6-977f-4efc91ebe92a\",\"status\":\"COMPLETED\",\"completed\":true}" source=console
time="2026-06-14T13:01:32-05:00" level=info msg="TRACE|{\"scenario\":\"CARGA-1000\",\"checkoutId\":\"ec64b502-6566-468b-81d1-50803364bfa0\",\"status\":\"COMPLETED\",\"completed\":true}" source=console

running (0h03m46.0s), 50/50 VUs, 437 complete and 0 interrupted iterations
checkout_load   [  44% ] 50 VUs  0h03m45.7s/1h30m0s  0437/1000 shared iters
time="2026-06-14T13:01:32-05:00" level=info msg="TRACE|{\"scenario\":\"CARGA-1000\",\"checkoutId\":\"98d1d756-181c-482c-8743-36ee0544fbb6\",\"status\":\"COMPLETED\",\"completed\":true}" source=console

running (0h03m47.0s), 50/50 VUs, 438 complete and 0 interrupted iterations
checkout_load   [  44% ] 50 VUs  0h03m46.7s/1h30m0s  0438/1000 shared iters
time="2026-06-14T13:01:33-05:00" level=info msg="TRACE|{\"scenario\":\"CARGA-1000\",\"checkoutId\":\"86c47466-732d-48cd-877c-87e23910b2d6\",\"status\":\"COMPLETED\",\"completed\":true}" source=console

running (0h03m48.0s), 50/50 VUs, 439 complete and 0 interrupted iterations
checkout_load   [  44% ] 50 VUs  0h03m47.7s/1h30m0s  0439/1000 shared iters
time="2026-06-14T13:01:34-05:00" level=info msg="TRACE|{\"scenario\":\"CARGA-1000\",\"checkoutId\":\"e82ff7b2-d01e-48ca-8e17-3c14e3f55834\",\"status\":\"COMPLETED\",\"completed\":true}" source=console
time="2026-06-14T13:01:34-05:00" level=info msg="TRACE|{\"scenario\":\"CARGA-1000\",\"checkoutId\":\"edd27746-e48f-4968-8716-d1d1ff915749\",\"status\":\"COMPLETED\",\"completed\":true}" source=console

running (0h03m49.0s), 50/50 VUs, 441 complete and 0 interrupted iterations
checkout_load   [  44% ] 50 VUs  0h03m48.7s/1h30m0s  0441/1000 shared iters
time="2026-06-14T13:01:35-05:00" level=info msg="TRACE|{\"scenario\":\"CARGA-1000\",\"checkoutId\":\"1090e05d-8ba5-4ed8-82d4-069a3e24c2f7\",\"status\":\"COMPLETED\",\"completed\":true}" source=console
time="2026-06-14T13:01:35-05:00" level=info msg="TRACE|{\"scenario\":\"CARGA-1000\",\"checkoutId\":\"c4004506-3719-4ea8-b7c5-c6328462ad7d\",\"status\":\"COMPLETED\",\"completed\":true}" source=console
time="2026-06-14T13:01:35-05:00" level=info msg="TRACE|{\"scenario\":\"CARGA-1000\",\"checkoutId\":\"e8d4f248-c906-4746-a540-835882cecd39\",\"status\":\"COMPLETED\",\"completed\":true}" source=console

running (0h03m50.0s), 50/50 VUs, 444 complete and 0 interrupted iterations
checkout_load   [  44% ] 50 VUs  0h03m49.7s/1h30m0s  0444/1000 shared iters
time="2026-06-14T13:01:36-05:00" level=info msg="TRACE|{\"scenario\":\"CARGA-1000\",\"checkoutId\":\"c656478a-0323-4df4-911d-b0fd231ee4dc\",\"status\":\"COMPLETED\",\"completed\":true}" source=console
time="2026-06-14T13:01:36-05:00" level=info msg="TRACE|{\"scenario\":\"CARGA-1000\",\"checkoutId\":\"0b48cb05-7a73-4948-a8e5-1a992fbe722c\",\"status\":\"COMPLETED\",\"completed\":true}" source=console

running (0h03m51.0s), 50/50 VUs, 446 complete and 0 interrupted iterations
checkout_load   [  45% ] 50 VUs  0h03m50.7s/1h30m0s  0446/1000 shared iters
time="2026-06-14T13:01:37-05:00" level=info msg="TRACE|{\"scenario\":\"CARGA-1000\",\"checkoutId\":\"1936fecb-67d1-444e-b2af-b079c4f16b6c\",\"status\":\"COMPLETED\",\"completed\":true}" source=console
time="2026-06-14T13:01:37-05:00" level=info msg="TRACE|{\"scenario\":\"CARGA-1000\",\"checkoutId\":\"fa5b96a0-67e4-4d42-ac1b-0dd399ae4192\",\"status\":\"COMPLETED\",\"completed\":true}" source=console

running (0h03m52.0s), 50/50 VUs, 448 complete and 0 interrupted iterations
checkout_load   [  45% ] 50 VUs  0h03m51.7s/1h30m0s  0448/1000 shared iters
time="2026-06-14T13:01:38-05:00" level=info msg="TRACE|{\"scenario\":\"CARGA-1000\",\"checkoutId\":\"dfc4c816-2380-4131-9902-4a715270522e\",\"status\":\"COMPLETED\",\"completed\":true}" source=console
time="2026-06-14T13:01:38-05:00" level=info msg="TRACE|{\"scenario\":\"CARGA-1000\",\"checkoutId\":\"98edbeac-5371-4740-8de7-6703590e392f\",\"status\":\"COMPLETED\",\"completed\":true}" source=console

running (0h03m53.0s), 50/50 VUs, 450 complete and 0 interrupted iterations
checkout_load   [  45% ] 50 VUs  0h03m52.7s/1h30m0s  0450/1000 shared iters
time="2026-06-14T13:01:39-05:00" level=info msg="TRACE|{\"scenario\":\"CARGA-1000\",\"checkoutId\":\"1a2f01fa-9aae-4f9e-9e4b-eca6c55cbed1\",\"status\":\"COMPLETED\",\"completed\":true}" source=console
time="2026-06-14T13:01:39-05:00" level=info msg="TRACE|{\"scenario\":\"CARGA-1000\",\"checkoutId\":\"e77fe12f-3a06-4a96-ad2b-c7a448b4980a\",\"status\":\"COMPLETED\",\"completed\":true}" source=console

running (0h03m54.0s), 50/50 VUs, 452 complete and 0 interrupted iterations
checkout_load   [  45% ] 50 VUs  0h03m53.7s/1h30m0s  0452/1000 shared iters
time="2026-06-14T13:01:40-05:00" level=info msg="TRACE|{\"scenario\":\"CARGA-1000\",\"checkoutId\":\"39f04b89-8b5d-4ce5-8091-aa842222c83c\",\"status\":\"COMPLETED\",\"completed\":true}" source=console
time="2026-06-14T13:01:40-05:00" level=info msg="TRACE|{\"scenario\":\"CARGA-1000\",\"checkoutId\":\"b8aa81e4-bc1b-40a0-9b45-4e0f03033827\",\"status\":\"COMPLETED\",\"completed\":true}" source=console

running (0h03m55.0s), 50/50 VUs, 454 complete and 0 interrupted iterations
checkout_load   [  45% ] 50 VUs  0h03m54.7s/1h30m0s  0454/1000 shared iters
time="2026-06-14T13:01:41-05:00" level=info msg="TRACE|{\"scenario\":\"CARGA-1000\",\"checkoutId\":\"556301b4-f9d8-4946-af3f-92ce2ba42ad6\",\"status\":\"COMPLETED\",\"completed\":true}" source=console
time="2026-06-14T13:01:41-05:00" level=info msg="TRACE|{\"scenario\":\"CARGA-1000\",\"checkoutId\":\"3fb761cf-18a9-46f2-b148-ce597efa081e\",\"status\":\"COMPLETED\",\"completed\":true}" source=console

running (0h03m56.0s), 50/50 VUs, 456 complete and 0 interrupted iterations
checkout_load   [  46% ] 50 VUs  0h03m55.7s/1h30m0s  0456/1000 shared iters
time="2026-06-14T13:01:42-05:00" level=info msg="TRACE|{\"scenario\":\"CARGA-1000\",\"checkoutId\":\"169705df-7335-4b1f-bbb7-21f9e8035f2b\",\"status\":\"COMPLETED\",\"completed\":true}" source=console
time="2026-06-14T13:01:42-05:00" level=info msg="TRACE|{\"scenario\":\"CARGA-1000\",\"checkoutId\":\"b1600c57-9691-4deb-8c51-fb90fd1446d6\",\"status\":\"COMPLETED\",\"completed\":true}" source=console

running (0h03m57.0s), 50/50 VUs, 458 complete and 0 interrupted iterations
checkout_load   [  46% ] 50 VUs  0h03m56.7s/1h30m0s  0458/1000 shared iters
time="2026-06-14T13:01:43-05:00" level=info msg="TRACE|{\"scenario\":\"CARGA-1000\",\"checkoutId\":\"e6b8ff63-a040-4ffe-abbb-7f0f8145fb7b\",\"status\":\"COMPLETED\",\"completed\":true}" source=console
time="2026-06-14T13:01:43-05:00" level=info msg="TRACE|{\"scenario\":\"CARGA-1000\",\"checkoutId\":\"4bbdf826-97ff-4948-8ecd-0fd639acb14e\",\"status\":\"COMPLETED\",\"completed\":true}" source=console

running (0h03m58.0s), 50/50 VUs, 460 complete and 0 interrupted iterations
checkout_load   [  46% ] 50 VUs  0h03m57.7s/1h30m0s  0460/1000 shared iters
time="2026-06-14T13:01:44-05:00" level=info msg="TRACE|{\"scenario\":\"CARGA-1000\",\"checkoutId\":\"f9d14319-3074-41ca-9ef0-c2972cd884c4\",\"status\":\"COMPLETED\",\"completed\":true}" source=console
time="2026-06-14T13:01:44-05:00" level=info msg="TRACE|{\"scenario\":\"CARGA-1000\",\"checkoutId\":\"ae99519c-304b-4139-90bc-a5ee510a1d6b\",\"status\":\"COMPLETED\",\"completed\":true}" source=console

running (0h03m59.0s), 50/50 VUs, 462 complete and 0 interrupted iterations
checkout_load   [  46% ] 50 VUs  0h03m58.7s/1h30m0s  0462/1000 shared iters
time="2026-06-14T13:01:45-05:00" level=info msg="TRACE|{\"scenario\":\"CARGA-1000\",\"checkoutId\":\"ae7cf234-35a4-4e3a-a9b9-10fe909200dd\",\"status\":\"COMPLETED\",\"completed\":true}" source=console

running (0h04m00.0s), 50/50 VUs, 463 complete and 0 interrupted iterations
checkout_load   [  46% ] 50 VUs  0h03m59.7s/1h30m0s  0463/1000 shared iters
time="2026-06-14T13:01:46-05:00" level=info msg="TRACE|{\"scenario\":\"CARGA-1000\",\"checkoutId\":\"3699c8b9-6bd4-4116-b97b-3e6b1c563a18\",\"status\":\"COMPLETED\",\"completed\":true}" source=console
time="2026-06-14T13:01:46-05:00" level=info msg="TRACE|{\"scenario\":\"CARGA-1000\",\"checkoutId\":\"ec3c0553-288f-4bbf-867c-ac7120809976\",\"status\":\"COMPLETED\",\"completed\":true}" source=console
time="2026-06-14T13:01:46-05:00" level=info msg="TRACE|{\"scenario\":\"CARGA-1000\",\"checkoutId\":\"ea9794b3-0b30-4a14-8dfc-85cd9afdadaf\",\"status\":\"COMPLETED\",\"completed\":true}" source=console

running (0h04m01.0s), 50/50 VUs, 466 complete and 0 interrupted iterations
checkout_load   [  47% ] 50 VUs  0h04m00.7s/1h30m0s  0466/1000 shared iters
time="2026-06-14T13:01:47-05:00" level=info msg="TRACE|{\"scenario\":\"CARGA-1000\",\"checkoutId\":\"9f3bb2cd-8357-47f2-945a-e558057544f0\",\"status\":\"COMPLETED\",\"completed\":true}" source=console
time="2026-06-14T13:01:47-05:00" level=info msg="TRACE|{\"scenario\":\"CARGA-1000\",\"checkoutId\":\"45e7412d-0f29-4dfb-9bb8-499d9cdcc4d4\",\"status\":\"COMPLETED\",\"completed\":true}" source=console

running (0h04m02.0s), 50/50 VUs, 468 complete and 0 interrupted iterations
checkout_load   [  47% ] 50 VUs  0h04m01.7s/1h30m0s  0468/1000 shared iters
time="2026-06-14T13:01:48-05:00" level=info msg="TRACE|{\"scenario\":\"CARGA-1000\",\"checkoutId\":\"f221fa15-e7e4-40ef-b21b-4310eaf2a256\",\"status\":\"COMPLETED\",\"completed\":true}" source=console
time="2026-06-14T13:01:49-05:00" level=info msg="TRACE|{\"scenario\":\"CARGA-1000\",\"checkoutId\":\"1d1eaf79-fa0f-4b5d-9366-f1fd96579b6d\",\"status\":\"COMPLETED\",\"completed\":true}" source=console

running (0h04m03.0s), 50/50 VUs, 470 complete and 0 interrupted iterations
checkout_load   [  47% ] 50 VUs  0h04m02.7s/1h30m0s  0470/1000 shared iters
time="2026-06-14T13:01:49-05:00" level=info msg="TRACE|{\"scenario\":\"CARGA-1000\",\"checkoutId\":\"eb7e8c10-6bf9-46ce-87e7-ed815523cb9c\",\"status\":\"COMPLETED\",\"completed\":true}" source=console

running (0h04m04.0s), 50/50 VUs, 471 complete and 0 interrupted iterations
checkout_load   [  47% ] 50 VUs  0h04m03.7s/1h30m0s  0471/1000 shared iters
time="2026-06-14T13:01:50-05:00" level=info msg="TRACE|{\"scenario\":\"CARGA-1000\",\"checkoutId\":\"6d1868e4-bd38-4613-a733-4624865cd6a5\",\"status\":\"COMPLETED\",\"completed\":true}" source=console
time="2026-06-14T13:01:50-05:00" level=info msg="TRACE|{\"scenario\":\"CARGA-1000\",\"checkoutId\":\"34e01e75-f853-47a3-98b5-7f3486e160ac\",\"status\":\"COMPLETED\",\"completed\":true}" source=console
time="2026-06-14T13:01:51-05:00" level=info msg="TRACE|{\"scenario\":\"CARGA-1000\",\"checkoutId\":\"5e044ed7-7014-4ecf-89c1-a00e8e7fb6dc\",\"status\":\"COMPLETED\",\"completed\":true}" source=console
time="2026-06-14T13:01:51-05:00" level=info msg="TRACE|{\"scenario\":\"CARGA-1000\",\"checkoutId\":\"8ee9d45c-eca4-4794-a395-35aece98529a\",\"status\":\"COMPLETED\",\"completed\":true}" source=console

running (0h04m05.0s), 50/50 VUs, 475 complete and 0 interrupted iterations
checkout_load   [  48% ] 50 VUs  0h04m04.7s/1h30m0s  0475/1000 shared iters

running (0h04m06.0s), 50/50 VUs, 475 complete and 0 interrupted iterations
checkout_load   [  48% ] 50 VUs  0h04m05.7s/1h30m0s  0475/1000 shared iters
time="2026-06-14T13:01:52-05:00" level=info msg="TRACE|{\"scenario\":\"CARGA-1000\",\"checkoutId\":\"49543f58-acd4-443f-a874-4e6c9a18baad\",\"status\":\"COMPLETED\",\"completed\":true}" source=console
time="2026-06-14T13:01:52-05:00" level=info msg="TRACE|{\"scenario\":\"CARGA-1000\",\"checkoutId\":\"d4f17fb3-28c1-402a-a996-4d1423bff37c\",\"status\":\"COMPLETED\",\"completed\":true}" source=console

running (0h04m07.0s), 50/50 VUs, 477 complete and 0 interrupted iterations
checkout_load   [  48% ] 50 VUs  0h04m06.7s/1h30m0s  0477/1000 shared iters
time="2026-06-14T13:01:53-05:00" level=info msg="TRACE|{\"scenario\":\"CARGA-1000\",\"checkoutId\":\"cd53f0d3-9de5-474c-802d-9de6630b1e5c\",\"status\":\"COMPLETED\",\"completed\":true}" source=console
time="2026-06-14T13:01:53-05:00" level=info msg="TRACE|{\"scenario\":\"CARGA-1000\",\"checkoutId\":\"e1147ffd-42e1-4904-aab6-b9b0df913f09\",\"status\":\"COMPLETED\",\"completed\":true}" source=console
time="2026-06-14T13:01:53-05:00" level=info msg="TRACE|{\"scenario\":\"CARGA-1000\",\"checkoutId\":\"ea36c9fc-2e6d-4cb4-a6d6-2b51e2db0659\",\"status\":\"COMPLETED\",\"completed\":true}" source=console

running (0h04m08.0s), 50/50 VUs, 480 complete and 0 interrupted iterations
checkout_load   [  48% ] 50 VUs  0h04m07.7s/1h30m0s  0480/1000 shared iters
time="2026-06-14T13:01:54-05:00" level=info msg="TRACE|{\"scenario\":\"CARGA-1000\",\"checkoutId\":\"5528e6b5-80db-4455-b9a6-0c57d2769042\",\"status\":\"COMPLETED\",\"completed\":true}" source=console
time="2026-06-14T13:01:54-05:00" level=info msg="TRACE|{\"scenario\":\"CARGA-1000\",\"checkoutId\":\"871ccba5-235c-47a2-a971-764046b2add7\",\"status\":\"COMPLETED\",\"completed\":true}" source=console

running (0h04m09.0s), 50/50 VUs, 482 complete and 0 interrupted iterations
checkout_load   [  48% ] 50 VUs  0h04m08.7s/1h30m0s  0482/1000 shared iters
time="2026-06-14T13:01:55-05:00" level=info msg="TRACE|{\"scenario\":\"CARGA-1000\",\"checkoutId\":\"4bbd1c08-2742-4107-bcc0-669512288949\",\"status\":\"COMPLETED\",\"completed\":true}" source=console
time="2026-06-14T13:01:56-05:00" level=info msg="TRACE|{\"scenario\":\"CARGA-1000\",\"checkoutId\":\"7d45d790-b604-4a4d-913a-1a58fb32f03d\",\"status\":\"COMPLETED\",\"completed\":true}" source=console

running (0h04m10.0s), 50/50 VUs, 484 complete and 0 interrupted iterations
checkout_load   [  48% ] 50 VUs  0h04m09.7s/1h30m0s  0484/1000 shared iters
time="2026-06-14T13:01:56-05:00" level=info msg="TRACE|{\"scenario\":\"CARGA-1000\",\"checkoutId\":\"90b565a6-dd08-444a-85ca-19518ebe9fd8\",\"status\":\"COMPLETED\",\"completed\":true}" source=console

running (0h04m11.0s), 50/50 VUs, 485 complete and 0 interrupted iterations
checkout_load   [  48% ] 50 VUs  0h04m10.7s/1h30m0s  0485/1000 shared iters
time="2026-06-14T13:01:57-05:00" level=info msg="TRACE|{\"scenario\":\"CARGA-1000\",\"checkoutId\":\"02a0a5da-1c45-40ce-9916-0e2d95c96973\",\"status\":\"COMPLETED\",\"completed\":true}" source=console
time="2026-06-14T13:01:57-05:00" level=info msg="TRACE|{\"scenario\":\"CARGA-1000\",\"checkoutId\":\"a780f779-af11-4a5d-9a17-0d2654656181\",\"status\":\"COMPLETED\",\"completed\":true}" source=console
time="2026-06-14T13:01:57-05:00" level=info msg="TRACE|{\"scenario\":\"CARGA-1000\",\"checkoutId\":\"3b40c60a-efd6-4476-a7ea-ce8f69d219d8\",\"status\":\"COMPLETED\",\"completed\":true}" source=console

running (0h04m12.0s), 50/50 VUs, 488 complete and 0 interrupted iterations
checkout_load   [  49% ] 50 VUs  0h04m11.7s/1h30m0s  0488/1000 shared iters
time="2026-06-14T13:01:58-05:00" level=info msg="TRACE|{\"scenario\":\"CARGA-1000\",\"checkoutId\":\"87745acc-3f13-4825-aa72-2539144a2794\",\"status\":\"COMPLETED\",\"completed\":true}" source=console

running (0h04m13.0s), 50/50 VUs, 489 complete and 0 interrupted iterations
checkout_load   [  49% ] 50 VUs  0h04m12.7s/1h30m0s  0489/1000 shared iters
time="2026-06-14T13:01:59-05:00" level=info msg="TRACE|{\"scenario\":\"CARGA-1000\",\"checkoutId\":\"a2f69f71-bf38-4923-9395-f5b4c9b15924\",\"status\":\"COMPLETED\",\"completed\":true}" source=console
time="2026-06-14T13:01:59-05:00" level=info msg="TRACE|{\"scenario\":\"CARGA-1000\",\"checkoutId\":\"bd24820f-6489-4543-bf90-d2d9c1c24410\",\"status\":\"COMPLETED\",\"completed\":true}" source=console

running (0h04m14.0s), 50/50 VUs, 491 complete and 0 interrupted iterations
checkout_load   [  49% ] 50 VUs  0h04m13.7s/1h30m0s  0491/1000 shared iters
time="2026-06-14T13:02:00-05:00" level=info msg="TRACE|{\"scenario\":\"CARGA-1000\",\"checkoutId\":\"47a77231-196a-40f8-a694-d78c83968e27\",\"status\":\"COMPLETED\",\"completed\":true}" source=console
time="2026-06-14T13:02:00-05:00" level=info msg="TRACE|{\"scenario\":\"CARGA-1000\",\"checkoutId\":\"5b2d07da-6159-4bc2-b538-935446f65d70\",\"status\":\"COMPLETED\",\"completed\":true}" source=console
time="2026-06-14T13:02:00-05:00" level=info msg="TRACE|{\"scenario\":\"CARGA-1000\",\"checkoutId\":\"0471bee3-71e7-4b36-851d-cb3c084d1af7\",\"status\":\"COMPLETED\",\"completed\":true}" source=console

running (0h04m15.0s), 50/50 VUs, 494 complete and 0 interrupted iterations
checkout_load   [  49% ] 50 VUs  0h04m14.7s/1h30m0s  0494/1000 shared iters
time="2026-06-14T13:02:01-05:00" level=info msg="TRACE|{\"scenario\":\"CARGA-1000\",\"checkoutId\":\"933356ac-339d-4dfc-9012-996219047a75\",\"status\":\"COMPLETED\",\"completed\":true}" source=console
time="2026-06-14T13:02:02-05:00" level=info msg="TRACE|{\"scenario\":\"CARGA-1000\",\"checkoutId\":\"acdf5d83-0435-4c42-a10b-bb8cea2da96a\",\"status\":\"COMPLETED\",\"completed\":true}" source=console

running (0h04m16.0s), 50/50 VUs, 496 complete and 0 interrupted iterations
checkout_load   [  50% ] 50 VUs  0h04m15.7s/1h30m0s  0496/1000 shared iters
time="2026-06-14T13:02:03-05:00" level=info msg="TRACE|{\"scenario\":\"CARGA-1000\",\"checkoutId\":\"afa8e0ac-f7d4-4992-ad2c-71abec2e6f67\",\"status\":\"COMPLETED\",\"completed\":true}" source=console

running (0h04m17.0s), 50/50 VUs, 497 complete and 0 interrupted iterations
checkout_load   [  50% ] 50 VUs  0h04m16.7s/1h30m0s  0497/1000 shared iters
time="2026-06-14T13:02:03-05:00" level=info msg="TRACE|{\"scenario\":\"CARGA-1000\",\"checkoutId\":\"ec07f175-7f9b-4ba4-89cd-26e2a36e9444\",\"status\":\"COMPLETED\",\"completed\":true}" source=console
time="2026-06-14T13:02:03-05:00" level=info msg="TRACE|{\"scenario\":\"CARGA-1000\",\"checkoutId\":\"62934a47-d420-4ad6-a45d-abbe12ac855f\",\"status\":\"COMPLETED\",\"completed\":true}" source=console

running (0h04m18.0s), 50/50 VUs, 499 complete and 0 interrupted iterations
checkout_load   [  50% ] 50 VUs  0h04m17.7s/1h30m0s  0499/1000 shared iters
time="2026-06-14T13:02:04-05:00" level=info msg="TRACE|{\"scenario\":\"CARGA-1000\",\"checkoutId\":\"1a8cf6fa-0edb-4b22-8291-5c821125f3fb\",\"status\":\"COMPLETED\",\"completed\":true}" source=console
time="2026-06-14T13:02:04-05:00" level=info msg="TRACE|{\"scenario\":\"CARGA-1000\",\"checkoutId\":\"8cb16343-1614-46fe-834f-3e0b4dd0fdac\",\"status\":\"COMPLETED\",\"completed\":true}" source=console

running (0h04m19.0s), 50/50 VUs, 501 complete and 0 interrupted iterations
checkout_load   [  50% ] 50 VUs  0h04m18.7s/1h30m0s  0501/1000 shared iters
time="2026-06-14T13:02:05-05:00" level=info msg="TRACE|{\"scenario\":\"CARGA-1000\",\"checkoutId\":\"30ba25d8-000d-499d-9d49-6e8f380d637c\",\"status\":\"COMPLETED\",\"completed\":true}" source=console
time="2026-06-14T13:02:06-05:00" level=info msg="TRACE|{\"scenario\":\"CARGA-1000\",\"checkoutId\":\"c68c6ed5-f4ac-4183-bf70-ebc7eb80782b\",\"status\":\"COMPLETED\",\"completed\":true}" source=console

running (0h04m20.0s), 50/50 VUs, 503 complete and 0 interrupted iterations
checkout_load   [  50% ] 50 VUs  0h04m19.7s/1h30m0s  0503/1000 shared iters
time="2026-06-14T13:02:06-05:00" level=info msg="TRACE|{\"scenario\":\"CARGA-1000\",\"checkoutId\":\"7a1330af-1665-4d7b-bf50-44b8bdb2da86\",\"status\":\"COMPLETED\",\"completed\":true}" source=console

running (0h04m21.0s), 50/50 VUs, 504 complete and 0 interrupted iterations
checkout_load   [  50% ] 50 VUs  0h04m20.7s/1h30m0s  0504/1000 shared iters
time="2026-06-14T13:02:07-05:00" level=info msg="TRACE|{\"scenario\":\"CARGA-1000\",\"checkoutId\":\"de074ca3-57ba-4344-abc8-2d601e69f325\",\"status\":\"COMPLETED\",\"completed\":true}" source=console
time="2026-06-14T13:02:07-05:00" level=info msg="TRACE|{\"scenario\":\"CARGA-1000\",\"checkoutId\":\"5ee0e759-996f-4892-ab5f-93cd9ddf5872\",\"status\":\"COMPLETED\",\"completed\":true}" source=console

running (0h04m22.0s), 50/50 VUs, 506 complete and 0 interrupted iterations
checkout_load   [  51% ] 50 VUs  0h04m21.7s/1h30m0s  0506/1000 shared iters
time="2026-06-14T13:02:08-05:00" level=info msg="TRACE|{\"scenario\":\"CARGA-1000\",\"checkoutId\":\"5f4f0444-67ce-4815-b4fc-469c72a6ddb0\",\"status\":\"COMPLETED\",\"completed\":true}" source=console
time="2026-06-14T13:02:08-05:00" level=info msg="TRACE|{\"scenario\":\"CARGA-1000\",\"checkoutId\":\"5a9f1384-e964-4090-974b-e4d33b35ee5b\",\"status\":\"COMPLETED\",\"completed\":true}" source=console
time="2026-06-14T13:02:09-05:00" level=info msg="TRACE|{\"scenario\":\"CARGA-1000\",\"checkoutId\":\"914b76c3-38d2-4c69-b6a8-a36f7d2dab09\",\"status\":\"COMPLETED\",\"completed\":true}" source=console

running (0h04m23.0s), 50/50 VUs, 509 complete and 0 interrupted iterations
checkout_load   [  51% ] 50 VUs  0h04m22.7s/1h30m0s  0509/1000 shared iters
time="2026-06-14T13:02:09-05:00" level=info msg="TRACE|{\"scenario\":\"CARGA-1000\",\"checkoutId\":\"ccba42ff-ea3c-4c5c-a493-cfb5ebd92e1d\",\"status\":\"COMPLETED\",\"completed\":true}" source=console
time="2026-06-14T13:02:09-05:00" level=info msg="TRACE|{\"scenario\":\"CARGA-1000\",\"checkoutId\":\"ccaf47b5-ba9c-43d0-94c2-122cb8667f49\",\"status\":\"COMPLETED\",\"completed\":true}" source=console

running (0h04m24.0s), 50/50 VUs, 511 complete and 0 interrupted iterations
checkout_load   [  51% ] 50 VUs  0h04m23.7s/1h30m0s  0511/1000 shared iters
time="2026-06-14T13:02:10-05:00" level=info msg="TRACE|{\"scenario\":\"CARGA-1000\",\"checkoutId\":\"658b6b03-71ef-451e-b125-4908f4e8fd85\",\"status\":\"COMPLETED\",\"completed\":true}" source=console
time="2026-06-14T13:02:10-05:00" level=info msg="TRACE|{\"scenario\":\"CARGA-1000\",\"checkoutId\":\"3ee718ea-f42c-442c-a79e-15f360c0808f\",\"status\":\"COMPLETED\",\"completed\":true}" source=console
time="2026-06-14T13:02:10-05:00" level=info msg="TRACE|{\"scenario\":\"CARGA-1000\",\"checkoutId\":\"58b1d50b-226b-4365-8655-4d85c4a34df7\",\"status\":\"COMPLETED\",\"completed\":true}" source=console

running (0h04m25.0s), 50/50 VUs, 514 complete and 0 interrupted iterations
checkout_load   [  51% ] 50 VUs  0h04m24.7s/1h30m0s  0514/1000 shared iters
time="2026-06-14T13:02:12-05:00" level=info msg="TRACE|{\"scenario\":\"CARGA-1000\",\"checkoutId\":\"964ccf49-1869-4ed3-baca-1784be13a293\",\"status\":\"COMPLETED\",\"completed\":true}" source=console

running (0h04m26.0s), 50/50 VUs, 515 complete and 0 interrupted iterations
checkout_load   [  52% ] 50 VUs  0h04m25.7s/1h30m0s  0515/1000 shared iters
time="2026-06-14T13:02:12-05:00" level=info msg="TRACE|{\"scenario\":\"CARGA-1000\",\"checkoutId\":\"bc0a2eba-e84a-4712-bd40-ce5284c1b786\",\"status\":\"COMPLETED\",\"completed\":true}" source=console
time="2026-06-14T13:02:13-05:00" level=info msg="TRACE|{\"scenario\":\"CARGA-1000\",\"checkoutId\":\"1b3790e0-4cea-42a8-acc1-1f4b0b9f0b95\",\"status\":\"COMPLETED\",\"completed\":true}" source=console

running (0h04m27.0s), 50/50 VUs, 517 complete and 0 interrupted iterations
checkout_load   [  52% ] 50 VUs  0h04m26.7s/1h30m0s  0517/1000 shared iters
time="2026-06-14T13:02:13-05:00" level=info msg="TRACE|{\"scenario\":\"CARGA-1000\",\"checkoutId\":\"a2154867-3828-4c47-9d4e-04136da4d08f\",\"status\":\"COMPLETED\",\"completed\":true}" source=console

running (0h04m28.0s), 50/50 VUs, 518 complete and 0 interrupted iterations
checkout_load   [  52% ] 50 VUs  0h04m27.7s/1h30m0s  0518/1000 shared iters
time="2026-06-14T13:02:14-05:00" level=info msg="TRACE|{\"scenario\":\"CARGA-1000\",\"checkoutId\":\"b7229438-d9d1-4365-bccb-776fa6b7492d\",\"status\":\"COMPLETED\",\"completed\":true}" source=console
time="2026-06-14T13:02:14-05:00" level=info msg="TRACE|{\"scenario\":\"CARGA-1000\",\"checkoutId\":\"4a4791eb-018b-4a61-aa5c-a1a25c4e6e10\",\"status\":\"COMPLETED\",\"completed\":true}" source=console

running (0h04m29.0s), 50/50 VUs, 520 complete and 0 interrupted iterations
checkout_load   [  52% ] 50 VUs  0h04m28.7s/1h30m0s  0520/1000 shared iters
time="2026-06-14T13:02:15-05:00" level=info msg="TRACE|{\"scenario\":\"CARGA-1000\",\"checkoutId\":\"3dee78a1-12ec-456c-bae8-3381379b4e48\",\"status\":\"COMPLETED\",\"completed\":true}" source=console
time="2026-06-14T13:02:15-05:00" level=info msg="TRACE|{\"scenario\":\"CARGA-1000\",\"checkoutId\":\"b5bba6a4-9cba-453b-9859-b3fc9f9b0d5d\",\"status\":\"COMPLETED\",\"completed\":true}" source=console

running (0h04m30.0s), 50/50 VUs, 522 complete and 0 interrupted iterations
checkout_load   [  52% ] 50 VUs  0h04m29.7s/1h30m0s  0522/1000 shared iters
time="2026-06-14T13:02:16-05:00" level=info msg="TRACE|{\"scenario\":\"CARGA-1000\",\"checkoutId\":\"7d67a75b-8354-4c97-827d-65bbfdf4d55f\",\"status\":\"COMPLETED\",\"completed\":true}" source=console
time="2026-06-14T13:02:16-05:00" level=info msg="TRACE|{\"scenario\":\"CARGA-1000\",\"checkoutId\":\"300306b0-0e69-4e15-8264-6244ccfc2ce1\",\"status\":\"COMPLETED\",\"completed\":true}" source=console
time="2026-06-14T13:02:16-05:00" level=info msg="TRACE|{\"scenario\":\"CARGA-1000\",\"checkoutId\":\"9dbe6c94-ab4a-4f0e-9105-124f4439aa25\",\"status\":\"COMPLETED\",\"completed\":true}" source=console

running (0h04m31.0s), 50/50 VUs, 525 complete and 0 interrupted iterations
checkout_load   [  52% ] 50 VUs  0h04m30.7s/1h30m0s  0525/1000 shared iters
time="2026-06-14T13:02:17-05:00" level=info msg="TRACE|{\"scenario\":\"CARGA-1000\",\"checkoutId\":\"02598830-90c7-4fa8-8a4a-8f6888a73c80\",\"status\":\"COMPLETED\",\"completed\":true}" source=console
time="2026-06-14T13:02:17-05:00" level=info msg="TRACE|{\"scenario\":\"CARGA-1000\",\"checkoutId\":\"ea3f70c7-0a2e-4fdc-9611-a49c06dfe765\",\"status\":\"COMPLETED\",\"completed\":true}" source=console

running (0h04m32.0s), 50/50 VUs, 527 complete and 0 interrupted iterations
checkout_load   [  53% ] 50 VUs  0h04m31.7s/1h30m0s  0527/1000 shared iters
time="2026-06-14T13:02:18-05:00" level=info msg="TRACE|{\"scenario\":\"CARGA-1000\",\"checkoutId\":\"1dd74915-072d-42c1-9134-607a3f2b118c\",\"status\":\"COMPLETED\",\"completed\":true}" source=console

running (0h04m33.0s), 50/50 VUs, 528 complete and 0 interrupted iterations
checkout_load   [  53% ] 50 VUs  0h04m32.7s/1h30m0s  0528/1000 shared iters
time="2026-06-14T13:02:19-05:00" level=info msg="TRACE|{\"scenario\":\"CARGA-1000\",\"checkoutId\":\"7650e701-38bc-4537-a1c2-42330033d9fa\",\"status\":\"COMPLETED\",\"completed\":true}" source=console
time="2026-06-14T13:02:19-05:00" level=info msg="TRACE|{\"scenario\":\"CARGA-1000\",\"checkoutId\":\"bb878cd0-89c7-46d3-9e1a-9b8c2e4c6119\",\"status\":\"COMPLETED\",\"completed\":true}" source=console
time="2026-06-14T13:02:19-05:00" level=info msg="TRACE|{\"scenario\":\"CARGA-1000\",\"checkoutId\":\"9a1ac63b-2eda-4119-ade5-0779fb6c03fe\",\"status\":\"COMPLETED\",\"completed\":true}" source=console

running (0h04m34.0s), 50/50 VUs, 531 complete and 0 interrupted iterations
checkout_load   [  53% ] 50 VUs  0h04m33.7s/1h30m0s  0531/1000 shared iters
time="2026-06-14T13:02:20-05:00" level=info msg="TRACE|{\"scenario\":\"CARGA-1000\",\"checkoutId\":\"6d87427a-0c17-4f9a-8dfd-9d0a66c9fc59\",\"status\":\"COMPLETED\",\"completed\":true}" source=console
time="2026-06-14T13:02:20-05:00" level=info msg="TRACE|{\"scenario\":\"CARGA-1000\",\"checkoutId\":\"513f17ae-d222-4354-8979-421df69d158c\",\"status\":\"COMPLETED\",\"completed\":true}" source=console

running (0h04m35.0s), 50/50 VUs, 533 complete and 0 interrupted iterations
checkout_load   [  53% ] 50 VUs  0h04m34.7s/1h30m0s  0533/1000 shared iters
time="2026-06-14T13:02:21-05:00" level=info msg="TRACE|{\"scenario\":\"CARGA-1000\",\"checkoutId\":\"856127b0-8eb8-435b-9eae-bde79a167bda\",\"status\":\"COMPLETED\",\"completed\":true}" source=console
time="2026-06-14T13:02:21-05:00" level=info msg="TRACE|{\"scenario\":\"CARGA-1000\",\"checkoutId\":\"34206bf9-6de1-4ade-b336-ee2f602ab73a\",\"status\":\"COMPLETED\",\"completed\":true}" source=console

running (0h04m36.0s), 50/50 VUs, 535 complete and 0 interrupted iterations
checkout_load   [  54% ] 50 VUs  0h04m35.7s/1h30m0s  0535/1000 shared iters
time="2026-06-14T13:02:22-05:00" level=info msg="TRACE|{\"scenario\":\"CARGA-1000\",\"checkoutId\":\"b6a959b9-72d6-4673-9948-cc1b2ea37733\",\"status\":\"COMPLETED\",\"completed\":true}" source=console
time="2026-06-14T13:02:22-05:00" level=info msg="TRACE|{\"scenario\":\"CARGA-1000\",\"checkoutId\":\"70992d27-2768-48cf-887c-7182e8c3f2f5\",\"status\":\"COMPLETED\",\"completed\":true}" source=console

running (0h04m37.0s), 50/50 VUs, 537 complete and 0 interrupted iterations
checkout_load   [  54% ] 50 VUs  0h04m36.7s/1h30m0s  0537/1000 shared iters
time="2026-06-14T13:02:23-05:00" level=info msg="TRACE|{\"scenario\":\"CARGA-1000\",\"checkoutId\":\"4dda5bbb-b656-4a51-b87c-3ab4819942a1\",\"status\":\"COMPLETED\",\"completed\":true}" source=console

running (0h04m38.0s), 50/50 VUs, 538 complete and 0 interrupted iterations
checkout_load   [  54% ] 50 VUs  0h04m37.7s/1h30m0s  0538/1000 shared iters
time="2026-06-14T13:02:24-05:00" level=info msg="TRACE|{\"scenario\":\"CARGA-1000\",\"checkoutId\":\"d3cb49d8-24b3-4bd3-b832-50d2d348fe9b\",\"status\":\"COMPLETED\",\"completed\":true}" source=console
time="2026-06-14T13:02:25-05:00" level=info msg="TRACE|{\"scenario\":\"CARGA-1000\",\"checkoutId\":\"174d581f-963b-4c16-885a-d75b8d2b8037\",\"status\":\"COMPLETED\",\"completed\":true}" source=console
time="2026-06-14T13:02:25-05:00" level=info msg="TRACE|{\"scenario\":\"CARGA-1000\",\"checkoutId\":\"3b5767bb-132a-46fc-8f54-3d30a00e4e3a\",\"status\":\"COMPLETED\",\"completed\":true}" source=console

running (0h04m39.0s), 50/50 VUs, 541 complete and 0 interrupted iterations
checkout_load   [  54% ] 50 VUs  0h04m38.7s/1h30m0s  0541/1000 shared iters
time="2026-06-14T13:02:25-05:00" level=info msg="TRACE|{\"scenario\":\"CARGA-1000\",\"checkoutId\":\"614bea8e-ae53-45d7-9fea-f39e22ce4f60\",\"status\":\"COMPLETED\",\"completed\":true}" source=console

running (0h04m40.0s), 50/50 VUs, 542 complete and 0 interrupted iterations
checkout_load   [  54% ] 50 VUs  0h04m39.7s/1h30m0s  0542/1000 shared iters
time="2026-06-14T13:02:26-05:00" level=info msg="TRACE|{\"scenario\":\"CARGA-1000\",\"checkoutId\":\"81a4427f-82bb-4411-8eda-371988277a1a\",\"status\":\"COMPLETED\",\"completed\":true}" source=console
time="2026-06-14T13:02:26-05:00" level=info msg="TRACE|{\"scenario\":\"CARGA-1000\",\"checkoutId\":\"db17975b-1151-4709-ac0f-26f40d6926f6\",\"status\":\"COMPLETED\",\"completed\":true}" source=console

running (0h04m41.0s), 50/50 VUs, 544 complete and 0 interrupted iterations
checkout_load   [  54% ] 50 VUs  0h04m40.7s/1h30m0s  0544/1000 shared iters
time="2026-06-14T13:02:27-05:00" level=info msg="TRACE|{\"scenario\":\"CARGA-1000\",\"checkoutId\":\"b221a516-e5c9-4809-a352-33f0b3da561c\",\"status\":\"COMPLETED\",\"completed\":true}" source=console
time="2026-06-14T13:02:27-05:00" level=info msg="TRACE|{\"scenario\":\"CARGA-1000\",\"checkoutId\":\"d340903e-d3a1-4a1d-aad3-e56fab2711b3\",\"status\":\"COMPLETED\",\"completed\":true}" source=console

running (0h04m42.0s), 50/50 VUs, 546 complete and 0 interrupted iterations
checkout_load   [  55% ] 50 VUs  0h04m41.7s/1h30m0s  0546/1000 shared iters
time="2026-06-14T13:02:28-05:00" level=info msg="TRACE|{\"scenario\":\"CARGA-1000\",\"checkoutId\":\"0004d534-7b35-4503-a5b1-8075ede6c4d3\",\"status\":\"COMPLETED\",\"completed\":true}" source=console

running (0h04m43.0s), 50/50 VUs, 547 complete and 0 interrupted iterations
checkout_load   [  55% ] 50 VUs  0h04m42.7s/1h30m0s  0547/1000 shared iters
time="2026-06-14T13:02:29-05:00" level=info msg="TRACE|{\"scenario\":\"CARGA-1000\",\"checkoutId\":\"6e8ea2b5-e752-4752-8473-781a944b35cf\",\"status\":\"COMPLETED\",\"completed\":true}" source=console
time="2026-06-14T13:02:29-05:00" level=info msg="TRACE|{\"scenario\":\"CARGA-1000\",\"checkoutId\":\"41197fed-6d4d-4348-ac1a-795a66c899e1\",\"status\":\"COMPLETED\",\"completed\":true}" source=console
time="2026-06-14T13:02:29-05:00" level=info msg="TRACE|{\"scenario\":\"CARGA-1000\",\"checkoutId\":\"d27582ff-cf7f-4627-ac74-94ec6798f50c\",\"status\":\"COMPLETED\",\"completed\":true}" source=console

running (0h04m44.0s), 50/50 VUs, 550 complete and 0 interrupted iterations
checkout_load   [  55% ] 50 VUs  0h04m43.7s/1h30m0s  0550/1000 shared iters
time="2026-06-14T13:02:30-05:00" level=info msg="TRACE|{\"scenario\":\"CARGA-1000\",\"checkoutId\":\"02f3514b-de53-4947-924a-dc58d7a7911c\",\"status\":\"COMPLETED\",\"completed\":true}" source=console
time="2026-06-14T13:02:30-05:00" level=info msg="TRACE|{\"scenario\":\"CARGA-1000\",\"checkoutId\":\"d0b25cd4-5c7f-4934-8013-6b03538d2e69\",\"status\":\"COMPLETED\",\"completed\":true}" source=console

running (0h04m45.0s), 50/50 VUs, 552 complete and 0 interrupted iterations
checkout_load   [  55% ] 50 VUs  0h04m44.7s/1h30m0s  0552/1000 shared iters
time="2026-06-14T13:02:31-05:00" level=info msg="TRACE|{\"scenario\":\"CARGA-1000\",\"checkoutId\":\"d81f1436-5a1f-4b68-b93a-a0f1ff6e5333\",\"status\":\"COMPLETED\",\"completed\":true}" source=console
time="2026-06-14T13:02:31-05:00" level=info msg="TRACE|{\"scenario\":\"CARGA-1000\",\"checkoutId\":\"9334a055-cd07-487d-9c97-4e648c2126ec\",\"status\":\"COMPLETED\",\"completed\":true}" source=console
time="2026-06-14T13:02:31-05:00" level=info msg="TRACE|{\"scenario\":\"CARGA-1000\",\"checkoutId\":\"e41dd564-8db5-4e62-8a59-2df6df71a1c5\",\"status\":\"COMPLETED\",\"completed\":true}" source=console

running (0h04m46.0s), 50/50 VUs, 555 complete and 0 interrupted iterations
checkout_load   [  56% ] 50 VUs  0h04m45.7s/1h30m0s  0555/1000 shared iters

running (0h04m47.0s), 50/50 VUs, 555 complete and 0 interrupted iterations
checkout_load   [  56% ] 50 VUs  0h04m46.7s/1h30m0s  0555/1000 shared iters
time="2026-06-14T13:02:33-05:00" level=info msg="TRACE|{\"scenario\":\"CARGA-1000\",\"checkoutId\":\"b5d09819-c1bc-4fd8-9df9-c8b55a07ba94\",\"status\":\"COMPLETED\",\"completed\":true}" source=console
time="2026-06-14T13:02:33-05:00" level=info msg="TRACE|{\"scenario\":\"CARGA-1000\",\"checkoutId\":\"5434d6b7-5cfd-4ecb-a976-7a3f43804ade\",\"status\":\"COMPLETED\",\"completed\":true}" source=console
time="2026-06-14T13:02:33-05:00" level=info msg="TRACE|{\"scenario\":\"CARGA-1000\",\"checkoutId\":\"f7951502-cc79-41cf-aba3-34468624ec88\",\"status\":\"COMPLETED\",\"completed\":true}" source=console
time="2026-06-14T13:02:33-05:00" level=info msg="TRACE|{\"scenario\":\"CARGA-1000\",\"checkoutId\":\"08dc4a74-66b9-43a2-9718-16ba32998dc4\",\"status\":\"COMPLETED\",\"completed\":true}" source=console

running (0h04m48.0s), 50/50 VUs, 559 complete and 0 interrupted iterations
checkout_load   [  56% ] 50 VUs  0h04m47.7s/1h30m0s  0559/1000 shared iters

running (0h04m49.0s), 50/50 VUs, 559 complete and 0 interrupted iterations
checkout_load   [  56% ] 50 VUs  0h04m48.7s/1h30m0s  0559/1000 shared iters
time="2026-06-14T13:02:35-05:00" level=info msg="TRACE|{\"scenario\":\"CARGA-1000\",\"checkoutId\":\"d95b3b8c-809b-4743-acb6-ecfee0844ecf\",\"status\":\"COMPLETED\",\"completed\":true}" source=console
time="2026-06-14T13:02:35-05:00" level=info msg="TRACE|{\"scenario\":\"CARGA-1000\",\"checkoutId\":\"f59ba268-e241-4759-939b-255cbf27dba6\",\"status\":\"COMPLETED\",\"completed\":true}" source=console

running (0h04m50.0s), 50/50 VUs, 561 complete and 0 interrupted iterations
checkout_load   [  56% ] 50 VUs  0h04m49.7s/1h30m0s  0561/1000 shared iters
time="2026-06-14T13:02:36-05:00" level=info msg="TRACE|{\"scenario\":\"CARGA-1000\",\"checkoutId\":\"10b8d0da-add8-4c39-8e18-871bbeb3e353\",\"status\":\"COMPLETED\",\"completed\":true}" source=console
time="2026-06-14T13:02:36-05:00" level=info msg="TRACE|{\"scenario\":\"CARGA-1000\",\"checkoutId\":\"21126c18-5f68-4c2f-8e4f-2f69c1ab80e1\",\"status\":\"COMPLETED\",\"completed\":true}" source=console
time="2026-06-14T13:02:36-05:00" level=info msg="TRACE|{\"scenario\":\"CARGA-1000\",\"checkoutId\":\"af102e1f-fff2-4a09-a13d-9dcb4edcc172\",\"status\":\"COMPLETED\",\"completed\":true}" source=console

running (0h04m51.0s), 50/50 VUs, 564 complete and 0 interrupted iterations
checkout_load   [  56% ] 50 VUs  0h04m50.7s/1h30m0s  0564/1000 shared iters
time="2026-06-14T13:02:37-05:00" level=info msg="TRACE|{\"scenario\":\"CARGA-1000\",\"checkoutId\":\"8acfa3a1-661a-443f-ac9a-609d0dbaf58b\",\"status\":\"COMPLETED\",\"completed\":true}" source=console
time="2026-06-14T13:02:37-05:00" level=info msg="TRACE|{\"scenario\":\"CARGA-1000\",\"checkoutId\":\"0d5043cd-c285-41d0-a3ae-3eb81633f708\",\"status\":\"COMPLETED\",\"completed\":true}" source=console

running (0h04m52.0s), 50/50 VUs, 566 complete and 0 interrupted iterations
checkout_load   [  57% ] 50 VUs  0h04m51.7s/1h30m0s  0566/1000 shared iters
time="2026-06-14T13:02:38-05:00" level=info msg="TRACE|{\"scenario\":\"CARGA-1000\",\"checkoutId\":\"01678b00-1b8c-4b73-aa90-56bd607dd710\",\"status\":\"COMPLETED\",\"completed\":true}" source=console
time="2026-06-14T13:02:38-05:00" level=info msg="TRACE|{\"scenario\":\"CARGA-1000\",\"checkoutId\":\"630bd2d0-3003-4ebd-a115-85572dc53149\",\"status\":\"COMPLETED\",\"completed\":true}" source=console

running (0h04m53.0s), 50/50 VUs, 568 complete and 0 interrupted iterations
checkout_load   [  57% ] 50 VUs  0h04m52.7s/1h30m0s  0568/1000 shared iters
time="2026-06-14T13:02:39-05:00" level=info msg="TRACE|{\"scenario\":\"CARGA-1000\",\"checkoutId\":\"a3381868-b8c2-4ac8-82c9-c239767ec9b5\",\"status\":\"COMPLETED\",\"completed\":true}" source=console
time="2026-06-14T13:02:40-05:00" level=info msg="TRACE|{\"scenario\":\"CARGA-1000\",\"checkoutId\":\"410f520e-4901-4a10-a35f-51e5617fb297\",\"status\":\"COMPLETED\",\"completed\":true}" source=console

running (0h04m54.0s), 50/50 VUs, 570 complete and 0 interrupted iterations
checkout_load   [  57% ] 50 VUs  0h04m53.7s/1h30m0s  0570/1000 shared iters
time="2026-06-14T13:02:40-05:00" level=info msg="TRACE|{\"scenario\":\"CARGA-1000\",\"checkoutId\":\"a2128871-9d89-4391-8cb2-e6c1442610ac\",\"status\":\"COMPLETED\",\"completed\":true}" source=console
time="2026-06-14T13:02:40-05:00" level=info msg="TRACE|{\"scenario\":\"CARGA-1000\",\"checkoutId\":\"f53f80f1-54de-42c0-9aa4-0015f0b21cf5\",\"status\":\"COMPLETED\",\"completed\":true}" source=console

running (0h04m55.0s), 50/50 VUs, 572 complete and 0 interrupted iterations
checkout_load   [  57% ] 50 VUs  0h04m54.7s/1h30m0s  0572/1000 shared iters
time="2026-06-14T13:02:41-05:00" level=info msg="TRACE|{\"scenario\":\"CARGA-1000\",\"checkoutId\":\"4caee8a3-fc71-4a98-80aa-0c0d43802ae5\",\"status\":\"COMPLETED\",\"completed\":true}" source=console

running (0h04m56.0s), 50/50 VUs, 573 complete and 0 interrupted iterations
checkout_load   [  57% ] 50 VUs  0h04m55.7s/1h30m0s  0573/1000 shared iters
time="2026-06-14T13:02:42-05:00" level=info msg="TRACE|{\"scenario\":\"CARGA-1000\",\"checkoutId\":\"601dd78d-d328-4a84-99ed-8be29e41b54c\",\"status\":\"COMPLETED\",\"completed\":true}" source=console
time="2026-06-14T13:02:42-05:00" level=info msg="TRACE|{\"scenario\":\"CARGA-1000\",\"checkoutId\":\"a4484761-5360-4663-9675-e8ebe46c693d\",\"status\":\"COMPLETED\",\"completed\":true}" source=console
time="2026-06-14T13:02:42-05:00" level=info msg="TRACE|{\"scenario\":\"CARGA-1000\",\"checkoutId\":\"02aae58c-d087-4f9d-bd54-9c1f4f90ec62\",\"status\":\"COMPLETED\",\"completed\":true}" source=console

running (0h04m57.0s), 50/50 VUs, 576 complete and 0 interrupted iterations
checkout_load   [  58% ] 50 VUs  0h04m56.7s/1h30m0s  0576/1000 shared iters
time="2026-06-14T13:02:43-05:00" level=info msg="TRACE|{\"scenario\":\"CARGA-1000\",\"checkoutId\":\"6cb5d266-5b64-4beb-a94b-b05b648fb960\",\"status\":\"COMPLETED\",\"completed\":true}" source=console
time="2026-06-14T13:02:43-05:00" level=info msg="TRACE|{\"scenario\":\"CARGA-1000\",\"checkoutId\":\"773ece97-c21c-4a3b-bcb6-bddf5cd97225\",\"status\":\"COMPLETED\",\"completed\":true}" source=console

running (0h04m58.0s), 50/50 VUs, 578 complete and 0 interrupted iterations
checkout_load   [  58% ] 50 VUs  0h04m57.7s/1h30m0s  0578/1000 shared iters
time="2026-06-14T13:02:44-05:00" level=info msg="TRACE|{\"scenario\":\"CARGA-1000\",\"checkoutId\":\"0e1c342b-f1c3-4f9f-bce8-1cff3dd7b72d\",\"status\":\"COMPLETED\",\"completed\":true}" source=console

running (0h04m59.0s), 50/50 VUs, 579 complete and 0 interrupted iterations
checkout_load   [  58% ] 50 VUs  0h04m58.7s/1h30m0s  0579/1000 shared iters
time="2026-06-14T13:02:45-05:00" level=info msg="TRACE|{\"scenario\":\"CARGA-1000\",\"checkoutId\":\"158295e7-5c01-428a-b952-160863ccce36\",\"status\":\"COMPLETED\",\"completed\":true}" source=console
time="2026-06-14T13:02:45-05:00" level=info msg="TRACE|{\"scenario\":\"CARGA-1000\",\"checkoutId\":\"ac3acace-1730-4042-bbb8-e4b54eb9d955\",\"status\":\"COMPLETED\",\"completed\":true}" source=console

running (0h05m00.0s), 50/50 VUs, 581 complete and 0 interrupted iterations
checkout_load   [  58% ] 50 VUs  0h04m59.7s/1h30m0s  0581/1000 shared iters
time="2026-06-14T13:02:46-05:00" level=info msg="TRACE|{\"scenario\":\"CARGA-1000\",\"checkoutId\":\"4eb5adf5-e145-4595-a97b-6dccfe6bc81a\",\"status\":\"COMPLETED\",\"completed\":true}" source=console
time="2026-06-14T13:02:46-05:00" level=info msg="TRACE|{\"scenario\":\"CARGA-1000\",\"checkoutId\":\"fc09d126-acee-434e-ab63-8159666c3a39\",\"status\":\"COMPLETED\",\"completed\":true}" source=console

running (0h05m01.0s), 50/50 VUs, 583 complete and 0 interrupted iterations
checkout_load   [  58% ] 50 VUs  0h05m00.7s/1h30m0s  0583/1000 shared iters
time="2026-06-14T13:02:47-05:00" level=info msg="TRACE|{\"scenario\":\"CARGA-1000\",\"checkoutId\":\"99d8cc79-594f-476b-98c5-4f9d789caef8\",\"status\":\"COMPLETED\",\"completed\":true}" source=console
time="2026-06-14T13:02:47-05:00" level=info msg="TRACE|{\"scenario\":\"CARGA-1000\",\"checkoutId\":\"c55e6737-0d89-49ad-b9ac-b334f3f686f5\",\"status\":\"COMPLETED\",\"completed\":true}" source=console
time="2026-06-14T13:02:47-05:00" level=info msg="TRACE|{\"scenario\":\"CARGA-1000\",\"checkoutId\":\"3472295f-7202-41ff-a890-a4ba221a9599\",\"status\":\"COMPLETED\",\"completed\":true}" source=console

running (0h05m02.0s), 50/50 VUs, 586 complete and 0 interrupted iterations
checkout_load   [  59% ] 50 VUs  0h05m01.7s/1h30m0s  0586/1000 shared iters
time="2026-06-14T13:02:48-05:00" level=info msg="TRACE|{\"scenario\":\"CARGA-1000\",\"checkoutId\":\"7e0d009c-2e21-4c7c-a4e8-00d9fa849e59\",\"status\":\"COMPLETED\",\"completed\":true}" source=console
time="2026-06-14T13:02:48-05:00" level=info msg="TRACE|{\"scenario\":\"CARGA-1000\",\"checkoutId\":\"b3723268-6f52-4a57-be9a-9aa01832ba99\",\"status\":\"COMPLETED\",\"completed\":true}" source=console

running (0h05m03.0s), 50/50 VUs, 588 complete and 0 interrupted iterations
checkout_load   [  59% ] 50 VUs  0h05m02.7s/1h30m0s  0588/1000 shared iters
time="2026-06-14T13:02:49-05:00" level=info msg="TRACE|{\"scenario\":\"CARGA-1000\",\"checkoutId\":\"498f8d7b-1e2b-44a5-afe0-88447655bd65\",\"status\":\"COMPLETED\",\"completed\":true}" source=console
time="2026-06-14T13:02:49-05:00" level=info msg="TRACE|{\"scenario\":\"CARGA-1000\",\"checkoutId\":\"b0ef34be-4dde-4a38-9d91-555369a2c702\",\"status\":\"COMPLETED\",\"completed\":true}" source=console

running (0h05m04.0s), 50/50 VUs, 590 complete and 0 interrupted iterations
checkout_load   [  59% ] 50 VUs  0h05m03.7s/1h30m0s  0590/1000 shared iters
time="2026-06-14T13:02:50-05:00" level=info msg="TRACE|{\"scenario\":\"CARGA-1000\",\"checkoutId\":\"bf5623e1-0d3d-42de-8639-31e2a228c5fb\",\"status\":\"COMPLETED\",\"completed\":true}" source=console
time="2026-06-14T13:02:50-05:00" level=info msg="TRACE|{\"scenario\":\"CARGA-1000\",\"checkoutId\":\"177fec95-9cad-4915-9470-d37b83032d59\",\"status\":\"COMPLETED\",\"completed\":true}" source=console

running (0h05m05.0s), 50/50 VUs, 592 complete and 0 interrupted iterations
checkout_load   [  59% ] 50 VUs  0h05m04.7s/1h30m0s  0592/1000 shared iters
time="2026-06-14T13:02:51-05:00" level=info msg="TRACE|{\"scenario\":\"CARGA-1000\",\"checkoutId\":\"3094010e-0bbb-4fc1-85ba-3c550590762a\",\"status\":\"COMPLETED\",\"completed\":true}" source=console

running (0h05m06.0s), 50/50 VUs, 593 complete and 0 interrupted iterations
checkout_load   [  59% ] 50 VUs  0h05m05.7s/1h30m0s  0593/1000 shared iters
time="2026-06-14T13:02:52-05:00" level=info msg="TRACE|{\"scenario\":\"CARGA-1000\",\"checkoutId\":\"8ad33005-d171-4c7f-97ca-ae4183115a73\",\"status\":\"COMPLETED\",\"completed\":true}" source=console
time="2026-06-14T13:02:52-05:00" level=info msg="TRACE|{\"scenario\":\"CARGA-1000\",\"checkoutId\":\"f22cfb40-4816-4e5c-9358-62c70b4e49ed\",\"status\":\"COMPLETED\",\"completed\":true}" source=console

running (0h05m07.0s), 50/50 VUs, 595 complete and 0 interrupted iterations
checkout_load   [  60% ] 50 VUs  0h05m06.7s/1h30m0s  0595/1000 shared iters
time="2026-06-14T13:02:53-05:00" level=info msg="TRACE|{\"scenario\":\"CARGA-1000\",\"checkoutId\":\"d07aafd8-3d61-4f6c-ad55-6ce49a9d34aa\",\"status\":\"COMPLETED\",\"completed\":true}" source=console
time="2026-06-14T13:02:53-05:00" level=info msg="TRACE|{\"scenario\":\"CARGA-1000\",\"checkoutId\":\"c574dfe8-7d87-406f-8dfd-413260d2092a\",\"status\":\"COMPLETED\",\"completed\":true}" source=console

running (0h05m08.0s), 50/50 VUs, 597 complete and 0 interrupted iterations
checkout_load   [  60% ] 50 VUs  0h05m07.7s/1h30m0s  0597/1000 shared iters
time="2026-06-14T13:02:54-05:00" level=info msg="TRACE|{\"scenario\":\"CARGA-1000\",\"checkoutId\":\"27f08eca-9812-4789-a39a-32dd2ccff456\",\"status\":\"COMPLETED\",\"completed\":true}" source=console
time="2026-06-14T13:02:54-05:00" level=info msg="TRACE|{\"scenario\":\"CARGA-1000\",\"checkoutId\":\"1a2cff08-a6e6-4ede-881f-d3361bb2d4ff\",\"status\":\"COMPLETED\",\"completed\":true}" source=console

running (0h05m09.0s), 50/50 VUs, 599 complete and 0 interrupted iterations
checkout_load   [  60% ] 50 VUs  0h05m08.7s/1h30m0s  0599/1000 shared iters
time="2026-06-14T13:02:55-05:00" level=info msg="TRACE|{\"scenario\":\"CARGA-1000\",\"checkoutId\":\"95f95418-f9a4-4ed1-9635-8f6b93bfcf34\",\"status\":\"COMPLETED\",\"completed\":true}" source=console

running (0h05m10.0s), 50/50 VUs, 600 complete and 0 interrupted iterations
checkout_load   [  60% ] 50 VUs  0h05m09.7s/1h30m0s  0600/1000 shared iters
time="2026-06-14T13:02:56-05:00" level=info msg="TRACE|{\"scenario\":\"CARGA-1000\",\"checkoutId\":\"e7095efa-6717-4e1a-8a62-636485d52c46\",\"status\":\"COMPLETED\",\"completed\":true}" source=console
time="2026-06-14T13:02:56-05:00" level=info msg="TRACE|{\"scenario\":\"CARGA-1000\",\"checkoutId\":\"07321459-02dd-4ecd-81c0-2687b0683a6b\",\"status\":\"COMPLETED\",\"completed\":true}" source=console
time="2026-06-14T13:02:56-05:00" level=info msg="TRACE|{\"scenario\":\"CARGA-1000\",\"checkoutId\":\"e8a8cadc-07cf-4ffa-900f-a80fdac9528b\",\"status\":\"COMPLETED\",\"completed\":true}" source=console

running (0h05m11.0s), 50/50 VUs, 603 complete and 0 interrupted iterations
checkout_load   [  60% ] 50 VUs  0h05m10.7s/1h30m0s  0603/1000 shared iters
time="2026-06-14T13:02:57-05:00" level=info msg="TRACE|{\"scenario\":\"CARGA-1000\",\"checkoutId\":\"1323b75a-5019-4276-9f76-9143abfebfdd\",\"status\":\"COMPLETED\",\"completed\":true}" source=console
time="2026-06-14T13:02:57-05:00" level=info msg="TRACE|{\"scenario\":\"CARGA-1000\",\"checkoutId\":\"c745241e-7a50-42ec-bc55-28224446a604\",\"status\":\"COMPLETED\",\"completed\":true}" source=console
time="2026-06-14T13:02:57-05:00" level=info msg="TRACE|{\"scenario\":\"CARGA-1000\",\"checkoutId\":\"e56a6862-0911-4156-8112-c7b5440b5f43\",\"status\":\"COMPLETED\",\"completed\":true}" source=console

running (0h05m12.0s), 50/50 VUs, 606 complete and 0 interrupted iterations
checkout_load   [  61% ] 50 VUs  0h05m11.7s/1h30m0s  0606/1000 shared iters

running (0h05m13.0s), 50/50 VUs, 606 complete and 0 interrupted iterations
checkout_load   [  61% ] 50 VUs  0h05m12.7s/1h30m0s  0606/1000 shared iters
time="2026-06-14T13:02:59-05:00" level=info msg="TRACE|{\"scenario\":\"CARGA-1000\",\"checkoutId\":\"1f74ea90-28dc-4d64-85ef-c2953f28661e\",\"status\":\"COMPLETED\",\"completed\":true}" source=console
time="2026-06-14T13:02:59-05:00" level=info msg="TRACE|{\"scenario\":\"CARGA-1000\",\"checkoutId\":\"cb95a458-e417-42cc-a0f3-1984f4ce7949\",\"status\":\"COMPLETED\",\"completed\":true}" source=console
time="2026-06-14T13:02:59-05:00" level=info msg="TRACE|{\"scenario\":\"CARGA-1000\",\"checkoutId\":\"7339a120-49de-4086-ad7a-6daa79d0e019\",\"status\":\"COMPLETED\",\"completed\":true}" source=console
time="2026-06-14T13:03:00-05:00" level=info msg="TRACE|{\"scenario\":\"CARGA-1000\",\"checkoutId\":\"1b3e2266-a879-49ac-ad3a-64a26d282d6d\",\"status\":\"COMPLETED\",\"completed\":true}" source=console

running (0h05m14.0s), 50/50 VUs, 610 complete and 0 interrupted iterations
checkout_load   [  61% ] 50 VUs  0h05m13.7s/1h30m0s  0610/1000 shared iters
time="2026-06-14T13:03:00-05:00" level=info msg="TRACE|{\"scenario\":\"CARGA-1000\",\"checkoutId\":\"1c84828a-96eb-4e89-b44f-efcbfac57de2\",\"status\":\"COMPLETED\",\"completed\":true}" source=console

running (0h05m15.0s), 50/50 VUs, 611 complete and 0 interrupted iterations
checkout_load   [  61% ] 50 VUs  0h05m14.7s/1h30m0s  0611/1000 shared iters
time="2026-06-14T13:03:01-05:00" level=info msg="TRACE|{\"scenario\":\"CARGA-1000\",\"checkoutId\":\"218eec3a-9dc4-4393-938c-538732f3a7a6\",\"status\":\"COMPLETED\",\"completed\":true}" source=console
time="2026-06-14T13:03:01-05:00" level=info msg="TRACE|{\"scenario\":\"CARGA-1000\",\"checkoutId\":\"93a03228-6ca2-46b0-b072-e2e8a308c5c5\",\"status\":\"COMPLETED\",\"completed\":true}" source=console
time="2026-06-14T13:03:02-05:00" level=info msg="TRACE|{\"scenario\":\"CARGA-1000\",\"checkoutId\":\"df7061ee-d5ac-4b0b-8db3-ad2c947aaecf\",\"status\":\"COMPLETED\",\"completed\":true}" source=console

running (0h05m16.0s), 50/50 VUs, 614 complete and 0 interrupted iterations
checkout_load   [  61% ] 50 VUs  0h05m15.7s/1h30m0s  0614/1000 shared iters

running (0h05m17.0s), 50/50 VUs, 614 complete and 0 interrupted iterations
checkout_load   [  61% ] 50 VUs  0h05m16.7s/1h30m0s  0614/1000 shared iters
time="2026-06-14T13:03:03-05:00" level=info msg="TRACE|{\"scenario\":\"CARGA-1000\",\"checkoutId\":\"8cf67575-42aa-422f-bb8f-4e0b24b8f7bd\",\"status\":\"COMPLETED\",\"completed\":true}" source=console
time="2026-06-14T13:03:03-05:00" level=info msg="TRACE|{\"scenario\":\"CARGA-1000\",\"checkoutId\":\"4f79cd1f-0037-4fa1-9492-e39a7d512450\",\"status\":\"COMPLETED\",\"completed\":true}" source=console
time="2026-06-14T13:03:03-05:00" level=info msg="TRACE|{\"scenario\":\"CARGA-1000\",\"checkoutId\":\"a75b5753-6052-47ad-84b5-15896b1f3140\",\"status\":\"COMPLETED\",\"completed\":true}" source=console

running (0h05m18.0s), 50/50 VUs, 617 complete and 0 interrupted iterations
checkout_load   [  62% ] 50 VUs  0h05m17.7s/1h30m0s  0617/1000 shared iters
time="2026-06-14T13:03:04-05:00" level=info msg="TRACE|{\"scenario\":\"CARGA-1000\",\"checkoutId\":\"2d87d813-e534-4c80-87c6-59b7f6cf0ffa\",\"status\":\"COMPLETED\",\"completed\":true}" source=console
time="2026-06-14T13:03:04-05:00" level=info msg="TRACE|{\"scenario\":\"CARGA-1000\",\"checkoutId\":\"3f0108df-e85d-47e3-81e9-93181052f654\",\"status\":\"COMPLETED\",\"completed\":true}" source=console

running (0h05m19.0s), 50/50 VUs, 619 complete and 0 interrupted iterations
checkout_load   [  62% ] 50 VUs  0h05m18.7s/1h30m0s  0619/1000 shared iters
time="2026-06-14T13:03:05-05:00" level=info msg="TRACE|{\"scenario\":\"CARGA-1000\",\"checkoutId\":\"d1cf494c-2e0e-4fe4-8de7-b6753cd9d1f0\",\"status\":\"COMPLETED\",\"completed\":true}" source=console

running (0h05m20.0s), 50/50 VUs, 620 complete and 0 interrupted iterations
checkout_load   [  62% ] 50 VUs  0h05m19.7s/1h30m0s  0620/1000 shared iters
time="2026-06-14T13:03:06-05:00" level=info msg="TRACE|{\"scenario\":\"CARGA-1000\",\"checkoutId\":\"ba699000-ff0f-4830-af99-1b7dff4f2e23\",\"status\":\"COMPLETED\",\"completed\":true}" source=console
time="2026-06-14T13:03:06-05:00" level=info msg="TRACE|{\"scenario\":\"CARGA-1000\",\"checkoutId\":\"710a8eeb-a586-4a8d-b402-abab4b16f424\",\"status\":\"COMPLETED\",\"completed\":true}" source=console
time="2026-06-14T13:03:06-05:00" level=info msg="TRACE|{\"scenario\":\"CARGA-1000\",\"checkoutId\":\"4f4c83f2-5790-48fa-a372-30767fe59b46\",\"status\":\"COMPLETED\",\"completed\":true}" source=console

running (0h05m21.0s), 50/50 VUs, 623 complete and 0 interrupted iterations
checkout_load   [  62% ] 50 VUs  0h05m20.7s/1h30m0s  0623/1000 shared iters
time="2026-06-14T13:03:07-05:00" level=info msg="TRACE|{\"scenario\":\"CARGA-1000\",\"checkoutId\":\"ee0ba3a2-152a-4a6a-9e3a-790f0dbf75a4\",\"status\":\"COMPLETED\",\"completed\":true}" source=console
time="2026-06-14T13:03:07-05:00" level=info msg="TRACE|{\"scenario\":\"CARGA-1000\",\"checkoutId\":\"e0fb68cc-b2a5-443b-83d6-b12b3b7b7816\",\"status\":\"COMPLETED\",\"completed\":true}" source=console

running (0h05m22.0s), 50/50 VUs, 625 complete and 0 interrupted iterations
checkout_load   [  62% ] 50 VUs  0h05m21.7s/1h30m0s  0625/1000 shared iters
time="2026-06-14T13:03:08-05:00" level=info msg="TRACE|{\"scenario\":\"CARGA-1000\",\"checkoutId\":\"c2c2a0b3-779a-4785-ae13-f202c8765436\",\"status\":\"COMPLETED\",\"completed\":true}" source=console
time="2026-06-14T13:03:09-05:00" level=info msg="TRACE|{\"scenario\":\"CARGA-1000\",\"checkoutId\":\"855f7741-0794-45ab-a86f-9665d09eaf0d\",\"status\":\"COMPLETED\",\"completed\":true}" source=console

running (0h05m23.0s), 50/50 VUs, 627 complete and 0 interrupted iterations
checkout_load   [  63% ] 50 VUs  0h05m22.7s/1h30m0s  0627/1000 shared iters
time="2026-06-14T13:03:09-05:00" level=info msg="TRACE|{\"scenario\":\"CARGA-1000\",\"checkoutId\":\"4ce4e5f6-64ad-41a3-a708-989cf044e01e\",\"status\":\"COMPLETED\",\"completed\":true}" source=console
time="2026-06-14T13:03:09-05:00" level=info msg="TRACE|{\"scenario\":\"CARGA-1000\",\"checkoutId\":\"0c7a9862-fd2c-48b1-9607-2ee796b06a84\",\"status\":\"COMPLETED\",\"completed\":true}" source=console

running (0h05m24.0s), 50/50 VUs, 629 complete and 0 interrupted iterations
checkout_load   [  63% ] 50 VUs  0h05m23.7s/1h30m0s  0629/1000 shared iters
time="2026-06-14T13:03:10-05:00" level=info msg="TRACE|{\"scenario\":\"CARGA-1000\",\"checkoutId\":\"ffa6401c-b37b-4744-8dd3-a681fdd90975\",\"status\":\"COMPLETED\",\"completed\":true}" source=console
time="2026-06-14T13:03:11-05:00" level=info msg="TRACE|{\"scenario\":\"CARGA-1000\",\"checkoutId\":\"1a455f35-e513-43b5-9d7e-ae5e234d8280\",\"status\":\"COMPLETED\",\"completed\":true}" source=console

running (0h05m25.0s), 50/50 VUs, 631 complete and 0 interrupted iterations
checkout_load   [  63% ] 50 VUs  0h05m24.7s/1h30m0s  0631/1000 shared iters
time="2026-06-14T13:03:11-05:00" level=info msg="TRACE|{\"scenario\":\"CARGA-1000\",\"checkoutId\":\"e606b56b-b4e0-4d2b-9d13-06939ec360bf\",\"status\":\"COMPLETED\",\"completed\":true}" source=console

running (0h05m26.0s), 50/50 VUs, 632 complete and 0 interrupted iterations
checkout_load   [  63% ] 50 VUs  0h05m25.7s/1h30m0s  0632/1000 shared iters
time="2026-06-14T13:03:12-05:00" level=info msg="TRACE|{\"scenario\":\"CARGA-1000\",\"checkoutId\":\"98f5dfe4-03ca-441d-917f-5d8214de534d\",\"status\":\"COMPLETED\",\"completed\":true}" source=console
time="2026-06-14T13:03:12-05:00" level=info msg="TRACE|{\"scenario\":\"CARGA-1000\",\"checkoutId\":\"65a0c8d9-58f6-4d9d-bfb4-5e0f2889ac67\",\"status\":\"COMPLETED\",\"completed\":true}" source=console

running (0h05m27.0s), 50/50 VUs, 634 complete and 0 interrupted iterations
checkout_load   [  63% ] 50 VUs  0h05m26.7s/1h30m0s  0634/1000 shared iters
time="2026-06-14T13:03:13-05:00" level=info msg="TRACE|{\"scenario\":\"CARGA-1000\",\"checkoutId\":\"f2a14e78-1bee-440b-bdc6-433084ce55ea\",\"status\":\"COMPLETED\",\"completed\":true}" source=console
time="2026-06-14T13:03:13-05:00" level=info msg="TRACE|{\"scenario\":\"CARGA-1000\",\"checkoutId\":\"62d08fb5-09e6-406b-9130-386ddd7e1163\",\"status\":\"COMPLETED\",\"completed\":true}" source=console

running (0h05m28.0s), 50/50 VUs, 636 complete and 0 interrupted iterations
checkout_load   [  64% ] 50 VUs  0h05m27.7s/1h30m0s  0636/1000 shared iters
time="2026-06-14T13:03:14-05:00" level=info msg="TRACE|{\"scenario\":\"CARGA-1000\",\"checkoutId\":\"76441220-6a7b-44a3-b9e8-e7fb25e5e0a7\",\"status\":\"COMPLETED\",\"completed\":true}" source=console
time="2026-06-14T13:03:14-05:00" level=info msg="TRACE|{\"scenario\":\"CARGA-1000\",\"checkoutId\":\"f9522200-f0fd-46c9-b9eb-f866badb18ed\",\"status\":\"COMPLETED\",\"completed\":true}" source=console
time="2026-06-14T13:03:15-05:00" level=info msg="TRACE|{\"scenario\":\"CARGA-1000\",\"checkoutId\":\"e87fc1b6-9a23-48af-975d-4444f29ca5f6\",\"status\":\"COMPLETED\",\"completed\":true}" source=console

running (0h05m29.0s), 50/50 VUs, 639 complete and 0 interrupted iterations
checkout_load   [  64% ] 50 VUs  0h05m28.7s/1h30m0s  0639/1000 shared iters
time="2026-06-14T13:03:15-05:00" level=info msg="TRACE|{\"scenario\":\"CARGA-1000\",\"checkoutId\":\"1c5b58df-f862-4dae-93b1-98ba2d14439c\",\"status\":\"COMPLETED\",\"completed\":true}" source=console

running (0h05m30.0s), 50/50 VUs, 640 complete and 0 interrupted iterations
checkout_load   [  64% ] 50 VUs  0h05m29.7s/1h30m0s  0640/1000 shared iters
time="2026-06-14T13:03:16-05:00" level=info msg="TRACE|{\"scenario\":\"CARGA-1000\",\"checkoutId\":\"3652402b-f8bf-4499-aaa8-a8563a1178c0\",\"status\":\"COMPLETED\",\"completed\":true}" source=console
time="2026-06-14T13:03:16-05:00" level=info msg="TRACE|{\"scenario\":\"CARGA-1000\",\"checkoutId\":\"7a58de03-a31c-4b83-a833-00f19266156d\",\"status\":\"COMPLETED\",\"completed\":true}" source=console

running (0h05m31.0s), 50/50 VUs, 642 complete and 0 interrupted iterations
checkout_load   [  64% ] 50 VUs  0h05m30.7s/1h30m0s  0642/1000 shared iters
time="2026-06-14T13:03:17-05:00" level=info msg="TRACE|{\"scenario\":\"CARGA-1000\",\"checkoutId\":\"d2e8711e-83f5-4d3c-905e-aea98d9aa648\",\"status\":\"COMPLETED\",\"completed\":true}" source=console
time="2026-06-14T13:03:17-05:00" level=info msg="TRACE|{\"scenario\":\"CARGA-1000\",\"checkoutId\":\"ad7176b0-7e09-45e6-9486-7976f62f5993\",\"status\":\"COMPLETED\",\"completed\":true}" source=console

running (0h05m32.0s), 50/50 VUs, 644 complete and 0 interrupted iterations
checkout_load   [  64% ] 50 VUs  0h05m31.7s/1h30m0s  0644/1000 shared iters
time="2026-06-14T13:03:18-05:00" level=info msg="TRACE|{\"scenario\":\"CARGA-1000\",\"checkoutId\":\"43af1831-5151-4d89-946f-4d2ab9cf7c75\",\"status\":\"COMPLETED\",\"completed\":true}" source=console
time="2026-06-14T13:03:18-05:00" level=info msg="TRACE|{\"scenario\":\"CARGA-1000\",\"checkoutId\":\"6a21c67c-070a-4df2-aaf9-c984915dc312\",\"status\":\"COMPLETED\",\"completed\":true}" source=console

running (0h05m33.0s), 50/50 VUs, 646 complete and 0 interrupted iterations
checkout_load   [  65% ] 50 VUs  0h05m32.7s/1h30m0s  0646/1000 shared iters
time="2026-06-14T13:03:19-05:00" level=info msg="TRACE|{\"scenario\":\"CARGA-1000\",\"checkoutId\":\"3a1f4b49-0e8b-432f-804f-bb8a37909e05\",\"status\":\"COMPLETED\",\"completed\":true}" source=console
time="2026-06-14T13:03:19-05:00" level=info msg="TRACE|{\"scenario\":\"CARGA-1000\",\"checkoutId\":\"3d6d1f05-1c6a-4cac-a5a4-f7a0934161f8\",\"status\":\"COMPLETED\",\"completed\":true}" source=console

running (0h05m34.0s), 50/50 VUs, 648 complete and 0 interrupted iterations
checkout_load   [  65% ] 50 VUs  0h05m33.7s/1h30m0s  0648/1000 shared iters
time="2026-06-14T13:03:20-05:00" level=info msg="TRACE|{\"scenario\":\"CARGA-1000\",\"checkoutId\":\"2431c69e-1cc3-49cf-883b-d4758cfba1dc\",\"status\":\"COMPLETED\",\"completed\":true}" source=console
time="2026-06-14T13:03:20-05:00" level=info msg="TRACE|{\"scenario\":\"CARGA-1000\",\"checkoutId\":\"92b8447c-2215-4fd9-9356-f872b6930567\",\"status\":\"COMPLETED\",\"completed\":true}" source=console
time="2026-06-14T13:03:20-05:00" level=info msg="TRACE|{\"scenario\":\"CARGA-1000\",\"checkoutId\":\"1f7d4e2b-a2e9-4742-ac53-367d06aa2b3a\",\"status\":\"COMPLETED\",\"completed\":true}" source=console

running (0h05m35.0s), 50/50 VUs, 651 complete and 0 interrupted iterations
checkout_load   [  65% ] 50 VUs  0h05m34.7s/1h30m0s  0651/1000 shared iters
time="2026-06-14T13:03:21-05:00" level=info msg="TRACE|{\"scenario\":\"CARGA-1000\",\"checkoutId\":\"314f01f2-ed55-4bc5-b72c-9f77902dbd39\",\"status\":\"COMPLETED\",\"completed\":true}" source=console

running (0h05m36.0s), 50/50 VUs, 652 complete and 0 interrupted iterations
checkout_load   [  65% ] 50 VUs  0h05m35.7s/1h30m0s  0652/1000 shared iters
time="2026-06-14T13:03:22-05:00" level=info msg="TRACE|{\"scenario\":\"CARGA-1000\",\"checkoutId\":\"bd095f6e-3841-4efb-956e-c3328c2a2f80\",\"status\":\"COMPLETED\",\"completed\":true}" source=console
time="2026-06-14T13:03:22-05:00" level=info msg="TRACE|{\"scenario\":\"CARGA-1000\",\"checkoutId\":\"d79e645f-0aec-4d0d-905b-b66f08c8308d\",\"status\":\"COMPLETED\",\"completed\":true}" source=console
time="2026-06-14T13:03:22-05:00" level=info msg="TRACE|{\"scenario\":\"CARGA-1000\",\"checkoutId\":\"6b74cf00-5cf3-4320-9f66-2aa796da3526\",\"status\":\"COMPLETED\",\"completed\":true}" source=console

running (0h05m37.0s), 50/50 VUs, 655 complete and 0 interrupted iterations
checkout_load   [  66% ] 50 VUs  0h05m36.7s/1h30m0s  0655/1000 shared iters
time="2026-06-14T13:03:23-05:00" level=info msg="TRACE|{\"scenario\":\"CARGA-1000\",\"checkoutId\":\"4f37690a-15c1-4601-90cb-f47ecc580daf\",\"status\":\"COMPLETED\",\"completed\":true}" source=console

running (0h05m38.0s), 50/50 VUs, 656 complete and 0 interrupted iterations
checkout_load   [  66% ] 50 VUs  0h05m37.7s/1h30m0s  0656/1000 shared iters
time="2026-06-14T13:03:24-05:00" level=info msg="TRACE|{\"scenario\":\"CARGA-1000\",\"checkoutId\":\"b94514e0-c5c5-4dad-9aeb-12052eb83470\",\"status\":\"COMPLETED\",\"completed\":true}" source=console
time="2026-06-14T13:03:24-05:00" level=info msg="TRACE|{\"scenario\":\"CARGA-1000\",\"checkoutId\":\"4f3d9e5e-1390-498a-a94a-5df662e06d72\",\"status\":\"COMPLETED\",\"completed\":true}" source=console

running (0h05m39.0s), 50/50 VUs, 658 complete and 0 interrupted iterations
checkout_load   [  66% ] 50 VUs  0h05m38.7s/1h30m0s  0658/1000 shared iters
time="2026-06-14T13:03:25-05:00" level=info msg="TRACE|{\"scenario\":\"CARGA-1000\",\"checkoutId\":\"d73c4e72-3e98-4e56-9c55-cb68a527397b\",\"status\":\"COMPLETED\",\"completed\":true}" source=console
time="2026-06-14T13:03:25-05:00" level=info msg="TRACE|{\"scenario\":\"CARGA-1000\",\"checkoutId\":\"d9192af3-1eb9-4459-bb5d-aaaf15b57477\",\"status\":\"COMPLETED\",\"completed\":true}" source=console

running (0h05m40.0s), 50/50 VUs, 660 complete and 0 interrupted iterations
checkout_load   [  66% ] 50 VUs  0h05m39.7s/1h30m0s  0660/1000 shared iters
time="2026-06-14T13:03:26-05:00" level=info msg="TRACE|{\"scenario\":\"CARGA-1000\",\"checkoutId\":\"a6bb766d-c2c3-4e10-b1a5-6c339bf81031\",\"status\":\"COMPLETED\",\"completed\":true}" source=console
time="2026-06-14T13:03:27-05:00" level=info msg="TRACE|{\"scenario\":\"CARGA-1000\",\"checkoutId\":\"0a5aa9bd-0393-4421-897f-cdced2998008\",\"status\":\"COMPLETED\",\"completed\":true}" source=console

running (0h05m41.0s), 50/50 VUs, 662 complete and 0 interrupted iterations
checkout_load   [  66% ] 50 VUs  0h05m40.7s/1h30m0s  0662/1000 shared iters
time="2026-06-14T13:03:27-05:00" level=info msg="TRACE|{\"scenario\":\"CARGA-1000\",\"checkoutId\":\"202eb280-e9dd-43db-a66a-62cb3cea60de\",\"status\":\"COMPLETED\",\"completed\":true}" source=console
time="2026-06-14T13:03:27-05:00" level=info msg="TRACE|{\"scenario\":\"CARGA-1000\",\"checkoutId\":\"5bda0206-f625-40b0-95a4-351e7af5aaaa\",\"status\":\"COMPLETED\",\"completed\":true}" source=console
time="2026-06-14T13:03:27-05:00" level=info msg="TRACE|{\"scenario\":\"CARGA-1000\",\"checkoutId\":\"8ba5d899-4420-4218-8d79-3e4423e83dd5\",\"status\":\"COMPLETED\",\"completed\":true}" source=console

running (0h05m42.0s), 50/50 VUs, 665 complete and 0 interrupted iterations
checkout_load   [  66% ] 50 VUs  0h05m41.7s/1h30m0s  0665/1000 shared iters
time="2026-06-14T13:03:28-05:00" level=info msg="TRACE|{\"scenario\":\"CARGA-1000\",\"checkoutId\":\"bfcc432f-3051-4ab4-a148-31f88708d6ca\",\"status\":\"COMPLETED\",\"completed\":true}" source=console
time="2026-06-14T13:03:28-05:00" level=info msg="TRACE|{\"scenario\":\"CARGA-1000\",\"checkoutId\":\"67fa9d9f-0095-46d5-8ad8-d7f8bee62693\",\"status\":\"COMPLETED\",\"completed\":true}" source=console

running (0h05m43.0s), 50/50 VUs, 667 complete and 0 interrupted iterations
checkout_load   [  67% ] 50 VUs  0h05m42.7s/1h30m0s  0667/1000 shared iters
time="2026-06-14T13:03:29-05:00" level=info msg="TRACE|{\"scenario\":\"CARGA-1000\",\"checkoutId\":\"9a0706e9-15da-4b9d-be03-759019b2869e\",\"status\":\"COMPLETED\",\"completed\":true}" source=console

running (0h05m44.0s), 50/50 VUs, 668 complete and 0 interrupted iterations
checkout_load   [  67% ] 50 VUs  0h05m43.7s/1h30m0s  0668/1000 shared iters
time="2026-06-14T13:03:30-05:00" level=info msg="TRACE|{\"scenario\":\"CARGA-1000\",\"checkoutId\":\"3101cb1c-931f-4d10-82f2-0b5926499c46\",\"status\":\"COMPLETED\",\"completed\":true}" source=console
time="2026-06-14T13:03:30-05:00" level=info msg="TRACE|{\"scenario\":\"CARGA-1000\",\"checkoutId\":\"c1111465-9674-48c9-a18b-38ce85a91f19\",\"status\":\"COMPLETED\",\"completed\":true}" source=console

running (0h05m45.0s), 50/50 VUs, 670 complete and 0 interrupted iterations
checkout_load   [  67% ] 50 VUs  0h05m44.7s/1h30m0s  0670/1000 shared iters
time="2026-06-14T13:03:31-05:00" level=info msg="TRACE|{\"scenario\":\"CARGA-1000\",\"checkoutId\":\"b10abc7d-007c-4b2d-8603-91ad8b6b8a6d\",\"status\":\"COMPLETED\",\"completed\":true}" source=console
time="2026-06-14T13:03:31-05:00" level=info msg="TRACE|{\"scenario\":\"CARGA-1000\",\"checkoutId\":\"d28e447d-7f82-4d50-8512-46f1de10feaa\",\"status\":\"COMPLETED\",\"completed\":true}" source=console

running (0h05m46.0s), 50/50 VUs, 672 complete and 0 interrupted iterations
checkout_load   [  67% ] 50 VUs  0h05m45.7s/1h30m0s  0672/1000 shared iters
time="2026-06-14T13:03:32-05:00" level=info msg="TRACE|{\"scenario\":\"CARGA-1000\",\"checkoutId\":\"d9631da0-7462-41ee-b844-6f188bbb3ada\",\"status\":\"COMPLETED\",\"completed\":true}" source=console

running (0h05m47.0s), 50/50 VUs, 673 complete and 0 interrupted iterations
checkout_load   [  67% ] 50 VUs  0h05m46.7s/1h30m0s  0673/1000 shared iters
time="2026-06-14T13:03:33-05:00" level=info msg="TRACE|{\"scenario\":\"CARGA-1000\",\"checkoutId\":\"67e3604a-9198-4258-afd1-3b854e846d2d\",\"status\":\"COMPLETED\",\"completed\":true}" source=console
time="2026-06-14T13:03:33-05:00" level=info msg="TRACE|{\"scenario\":\"CARGA-1000\",\"checkoutId\":\"5d354ec8-766c-45a3-b38b-5a937e2b3b6b\",\"status\":\"COMPLETED\",\"completed\":true}" source=console
time="2026-06-14T13:03:33-05:00" level=info msg="TRACE|{\"scenario\":\"CARGA-1000\",\"checkoutId\":\"e95e68d0-4d27-4eec-99da-96799bff2799\",\"status\":\"COMPLETED\",\"completed\":true}" source=console

running (0h05m48.0s), 50/50 VUs, 676 complete and 0 interrupted iterations
checkout_load   [  68% ] 50 VUs  0h05m47.7s/1h30m0s  0676/1000 shared iters
time="2026-06-14T13:03:34-05:00" level=info msg="TRACE|{\"scenario\":\"CARGA-1000\",\"checkoutId\":\"0f1374af-f1f5-4d23-baf1-f690bca25511\",\"status\":\"COMPLETED\",\"completed\":true}" source=console
time="2026-06-14T13:03:34-05:00" level=info msg="TRACE|{\"scenario\":\"CARGA-1000\",\"checkoutId\":\"a2aff529-8d73-4004-8fe4-16e8493b6cfa\",\"status\":\"COMPLETED\",\"completed\":true}" source=console

running (0h05m49.0s), 50/50 VUs, 678 complete and 0 interrupted iterations
checkout_load   [  68% ] 50 VUs  0h05m48.7s/1h30m0s  0678/1000 shared iters
time="2026-06-14T13:03:35-05:00" level=info msg="TRACE|{\"scenario\":\"CARGA-1000\",\"checkoutId\":\"d530ed88-1598-47c2-a379-98ffe0d23e4a\",\"status\":\"COMPLETED\",\"completed\":true}" source=console

running (0h05m50.0s), 50/50 VUs, 679 complete and 0 interrupted iterations
checkout_load   [  68% ] 50 VUs  0h05m49.7s/1h30m0s  0679/1000 shared iters
time="2026-06-14T13:03:36-05:00" level=info msg="TRACE|{\"scenario\":\"CARGA-1000\",\"checkoutId\":\"dc982943-0f7b-4cf4-9365-2feebd6d54cc\",\"status\":\"COMPLETED\",\"completed\":true}" source=console
time="2026-06-14T13:03:36-05:00" level=info msg="TRACE|{\"scenario\":\"CARGA-1000\",\"checkoutId\":\"661c1719-2d4c-4615-96bb-78b8c8ca6487\",\"status\":\"COMPLETED\",\"completed\":true}" source=console
time="2026-06-14T13:03:36-05:00" level=info msg="TRACE|{\"scenario\":\"CARGA-1000\",\"checkoutId\":\"ee9b2bf8-4846-4d1d-b867-bb9a59b7f3cf\",\"status\":\"COMPLETED\",\"completed\":true}" source=console

running (0h05m51.0s), 50/50 VUs, 682 complete and 0 interrupted iterations
checkout_load   [  68% ] 50 VUs  0h05m50.7s/1h30m0s  0682/1000 shared iters
time="2026-06-14T13:03:37-05:00" level=info msg="TRACE|{\"scenario\":\"CARGA-1000\",\"checkoutId\":\"752a3330-d85b-43f6-9566-08f7ccb97e96\",\"status\":\"COMPLETED\",\"completed\":true}" source=console
time="2026-06-14T13:03:37-05:00" level=info msg="TRACE|{\"scenario\":\"CARGA-1000\",\"checkoutId\":\"7d03295e-3aa1-4918-9200-ceb40a0070e6\",\"status\":\"COMPLETED\",\"completed\":true}" source=console

running (0h05m52.0s), 50/50 VUs, 684 complete and 0 interrupted iterations
checkout_load   [  68% ] 50 VUs  0h05m51.7s/1h30m0s  0684/1000 shared iters
time="2026-06-14T13:03:38-05:00" level=info msg="TRACE|{\"scenario\":\"CARGA-1000\",\"checkoutId\":\"2c0925c4-9d3d-41bb-9ad0-9a19bf2ebc46\",\"status\":\"COMPLETED\",\"completed\":true}" source=console

running (0h05m53.0s), 50/50 VUs, 685 complete and 0 interrupted iterations
checkout_load   [  68% ] 50 VUs  0h05m52.7s/1h30m0s  0685/1000 shared iters
time="2026-06-14T13:03:39-05:00" level=info msg="TRACE|{\"scenario\":\"CARGA-1000\",\"checkoutId\":\"211e3e22-c15e-490a-9797-3824ae474c23\",\"status\":\"COMPLETED\",\"completed\":true}" source=console
time="2026-06-14T13:03:39-05:00" level=info msg="TRACE|{\"scenario\":\"CARGA-1000\",\"checkoutId\":\"d57cdb6c-0904-4c39-8582-f13e96d5b996\",\"status\":\"COMPLETED\",\"completed\":true}" source=console
time="2026-06-14T13:03:39-05:00" level=info msg="TRACE|{\"scenario\":\"CARGA-1000\",\"checkoutId\":\"dd26a76c-f5f6-4f4d-abae-b6a82eb6ece0\",\"status\":\"COMPLETED\",\"completed\":true}" source=console

running (0h05m54.0s), 50/50 VUs, 688 complete and 0 interrupted iterations
checkout_load   [  69% ] 50 VUs  0h05m53.7s/1h30m0s  0688/1000 shared iters
time="2026-06-14T13:03:40-05:00" level=info msg="TRACE|{\"scenario\":\"CARGA-1000\",\"checkoutId\":\"29d6c9d9-7f42-424e-b1e3-7acceb61dc08\",\"status\":\"COMPLETED\",\"completed\":true}" source=console
time="2026-06-14T13:03:40-05:00" level=info msg="TRACE|{\"scenario\":\"CARGA-1000\",\"checkoutId\":\"4bec53f5-bd5a-4b70-a28b-b6d047e2b73f\",\"status\":\"COMPLETED\",\"completed\":true}" source=console

running (0h05m55.0s), 50/50 VUs, 690 complete and 0 interrupted iterations
checkout_load   [  69% ] 50 VUs  0h05m54.7s/1h30m0s  0690/1000 shared iters
time="2026-06-14T13:03:41-05:00" level=info msg="TRACE|{\"scenario\":\"CARGA-1000\",\"checkoutId\":\"d534d962-f722-47e4-84c4-5751f3ae1cc8\",\"status\":\"COMPLETED\",\"completed\":true}" source=console

running (0h05m56.0s), 50/50 VUs, 691 complete and 0 interrupted iterations
checkout_load   [  69% ] 50 VUs  0h05m55.7s/1h30m0s  0691/1000 shared iters
time="2026-06-14T13:03:42-05:00" level=info msg="TRACE|{\"scenario\":\"CARGA-1000\",\"checkoutId\":\"e9fb7315-6695-4e5e-b739-081b1bd66e9b\",\"status\":\"COMPLETED\",\"completed\":true}" source=console
time="2026-06-14T13:03:42-05:00" level=info msg="TRACE|{\"scenario\":\"CARGA-1000\",\"checkoutId\":\"0d074e6c-87c0-4265-bfbf-f1bfb8826f81\",\"status\":\"COMPLETED\",\"completed\":true}" source=console
time="2026-06-14T13:03:42-05:00" level=info msg="TRACE|{\"scenario\":\"CARGA-1000\",\"checkoutId\":\"ed05e310-d957-482f-84ca-489afa6a058b\",\"status\":\"COMPLETED\",\"completed\":true}" source=console
time="2026-06-14T13:03:42-05:00" level=info msg="TRACE|{\"scenario\":\"CARGA-1000\",\"checkoutId\":\"92b3a31f-5739-4686-8e41-f0334640d2b6\",\"status\":\"COMPLETED\",\"completed\":true}" source=console

running (0h05m57.0s), 50/50 VUs, 695 complete and 0 interrupted iterations
checkout_load   [  70% ] 50 VUs  0h05m56.7s/1h30m0s  0695/1000 shared iters

running (0h05m58.0s), 50/50 VUs, 695 complete and 0 interrupted iterations
checkout_load   [  70% ] 50 VUs  0h05m57.7s/1h30m0s  0695/1000 shared iters
time="2026-06-14T13:03:44-05:00" level=info msg="TRACE|{\"scenario\":\"CARGA-1000\",\"checkoutId\":\"a94b1041-1711-4440-99d2-c895103bb813\",\"status\":\"COMPLETED\",\"completed\":true}" source=console
time="2026-06-14T13:03:44-05:00" level=info msg="TRACE|{\"scenario\":\"CARGA-1000\",\"checkoutId\":\"904fbb90-6883-42ad-abc0-bd4c3252dd6f\",\"status\":\"COMPLETED\",\"completed\":true}" source=console
time="2026-06-14T13:03:44-05:00" level=info msg="TRACE|{\"scenario\":\"CARGA-1000\",\"checkoutId\":\"aa3c1a09-9959-4428-b505-1be887a0f547\",\"status\":\"COMPLETED\",\"completed\":true}" source=console

running (0h05m59.0s), 50/50 VUs, 698 complete and 0 interrupted iterations
checkout_load   [  70% ] 50 VUs  0h05m58.7s/1h30m0s  0698/1000 shared iters
time="2026-06-14T13:03:45-05:00" level=info msg="TRACE|{\"scenario\":\"CARGA-1000\",\"checkoutId\":\"b13f209e-6ce6-4f87-bace-ad05ff1c58d0\",\"status\":\"COMPLETED\",\"completed\":true}" source=console

running (0h06m00.0s), 50/50 VUs, 699 complete and 0 interrupted iterations
checkout_load   [  70% ] 50 VUs  0h05m59.7s/1h30m0s  0699/1000 shared iters
time="2026-06-14T13:03:46-05:00" level=info msg="TRACE|{\"scenario\":\"CARGA-1000\",\"checkoutId\":\"8406aebc-0297-4b7a-8d03-b9af37d837f1\",\"status\":\"COMPLETED\",\"completed\":true}" source=console
time="2026-06-14T13:03:46-05:00" level=info msg="TRACE|{\"scenario\":\"CARGA-1000\",\"checkoutId\":\"9e054fe8-35b2-48d8-b60d-adab0e88c5c8\",\"status\":\"COMPLETED\",\"completed\":true}" source=console

running (0h06m01.0s), 50/50 VUs, 701 complete and 0 interrupted iterations
checkout_load   [  70% ] 50 VUs  0h06m00.7s/1h30m0s  0701/1000 shared iters
time="2026-06-14T13:03:47-05:00" level=info msg="TRACE|{\"scenario\":\"CARGA-1000\",\"checkoutId\":\"82a98ba0-a438-485f-a1da-30ae6fda6309\",\"status\":\"COMPLETED\",\"completed\":true}" source=console
time="2026-06-14T13:03:47-05:00" level=info msg="TRACE|{\"scenario\":\"CARGA-1000\",\"checkoutId\":\"fa11a3c0-bd68-45a1-8f2d-a3745f95cf28\",\"status\":\"COMPLETED\",\"completed\":true}" source=console

running (0h06m02.0s), 50/50 VUs, 703 complete and 0 interrupted iterations
checkout_load   [  70% ] 50 VUs  0h06m01.7s/1h30m0s  0703/1000 shared iters
time="2026-06-14T13:03:48-05:00" level=info msg="TRACE|{\"scenario\":\"CARGA-1000\",\"checkoutId\":\"4914efaa-1821-4805-92e3-5d095a03d9f4\",\"status\":\"COMPLETED\",\"completed\":true}" source=console
time="2026-06-14T13:03:48-05:00" level=info msg="TRACE|{\"scenario\":\"CARGA-1000\",\"checkoutId\":\"b94239e9-ce63-4828-b50b-39c74115894e\",\"status\":\"COMPLETED\",\"completed\":true}" source=console

running (0h06m03.0s), 50/50 VUs, 705 complete and 0 interrupted iterations
checkout_load   [  70% ] 50 VUs  0h06m02.7s/1h30m0s  0705/1000 shared iters
time="2026-06-14T13:03:49-05:00" level=info msg="TRACE|{\"scenario\":\"CARGA-1000\",\"checkoutId\":\"f59493ca-8a98-46fe-81a4-9cbca8d8d50c\",\"status\":\"COMPLETED\",\"completed\":true}" source=console
time="2026-06-14T13:03:50-05:00" level=info msg="TRACE|{\"scenario\":\"CARGA-1000\",\"checkoutId\":\"19eaefc1-6a40-42fe-9031-406e1fa32272\",\"status\":\"COMPLETED\",\"completed\":true}" source=console

running (0h06m04.0s), 50/50 VUs, 707 complete and 0 interrupted iterations
checkout_load   [  71% ] 50 VUs  0h06m03.7s/1h30m0s  0707/1000 shared iters
time="2026-06-14T13:03:50-05:00" level=info msg="TRACE|{\"scenario\":\"CARGA-1000\",\"checkoutId\":\"93605d10-825d-4c0f-aa3a-8f9bc8b825a9\",\"status\":\"COMPLETED\",\"completed\":true}" source=console

running (0h06m05.0s), 50/50 VUs, 708 complete and 0 interrupted iterations
checkout_load   [  71% ] 50 VUs  0h06m04.7s/1h30m0s  0708/1000 shared iters
time="2026-06-14T13:03:51-05:00" level=info msg="TRACE|{\"scenario\":\"CARGA-1000\",\"checkoutId\":\"8716cc43-c810-497e-9d93-6cbf1b0e3dbb\",\"status\":\"COMPLETED\",\"completed\":true}" source=console
time="2026-06-14T13:03:51-05:00" level=info msg="TRACE|{\"scenario\":\"CARGA-1000\",\"checkoutId\":\"e47e5d12-19c5-4804-a430-0f34cb3112dd\",\"status\":\"COMPLETED\",\"completed\":true}" source=console
time="2026-06-14T13:03:51-05:00" level=info msg="TRACE|{\"scenario\":\"CARGA-1000\",\"checkoutId\":\"8f72b555-3db3-440c-a134-9c5300901758\",\"status\":\"COMPLETED\",\"completed\":true}" source=console

running (0h06m06.0s), 50/50 VUs, 711 complete and 0 interrupted iterations
checkout_load   [  71% ] 50 VUs  0h06m05.7s/1h30m0s  0711/1000 shared iters
time="2026-06-14T13:03:52-05:00" level=info msg="TRACE|{\"scenario\":\"CARGA-1000\",\"checkoutId\":\"36b005a6-46f4-4a7f-9029-b2365febcbef\",\"status\":\"COMPLETED\",\"completed\":true}" source=console
time="2026-06-14T13:03:52-05:00" level=info msg="TRACE|{\"scenario\":\"CARGA-1000\",\"checkoutId\":\"a854dd96-91b8-4346-aeab-cc728a17acaa\",\"status\":\"COMPLETED\",\"completed\":true}" source=console
time="2026-06-14T13:03:53-05:00" level=info msg="TRACE|{\"scenario\":\"CARGA-1000\",\"checkoutId\":\"17ddb61d-94c1-44e6-834d-4f1e3b583a91\",\"status\":\"COMPLETED\",\"completed\":true}" source=console

running (0h06m07.0s), 50/50 VUs, 714 complete and 0 interrupted iterations
checkout_load   [  71% ] 50 VUs  0h06m06.7s/1h30m0s  0714/1000 shared iters
time="2026-06-14T13:03:53-05:00" level=info msg="TRACE|{\"scenario\":\"CARGA-1000\",\"checkoutId\":\"dcf6a1fe-c5cc-4645-8cc5-f4b08635fce5\",\"status\":\"COMPLETED\",\"completed\":true}" source=console

running (0h06m08.0s), 50/50 VUs, 715 complete and 0 interrupted iterations
checkout_load   [  72% ] 50 VUs  0h06m07.7s/1h30m0s  0715/1000 shared iters
time="2026-06-14T13:03:54-05:00" level=info msg="TRACE|{\"scenario\":\"CARGA-1000\",\"checkoutId\":\"b4a37535-3da2-4896-a012-839e6ca1660c\",\"status\":\"COMPLETED\",\"completed\":true}" source=console
time="2026-06-14T13:03:54-05:00" level=info msg="TRACE|{\"scenario\":\"CARGA-1000\",\"checkoutId\":\"e5ad0a04-d33d-4dbc-8eb2-97ed8af8d3ef\",\"status\":\"COMPLETED\",\"completed\":true}" source=console

running (0h06m09.0s), 50/50 VUs, 717 complete and 0 interrupted iterations
checkout_load   [  72% ] 50 VUs  0h06m08.7s/1h30m0s  0717/1000 shared iters
time="2026-06-14T13:03:55-05:00" level=info msg="TRACE|{\"scenario\":\"CARGA-1000\",\"checkoutId\":\"4be6fea3-4615-408c-8262-224d8b0996fb\",\"status\":\"COMPLETED\",\"completed\":true}" source=console
time="2026-06-14T13:03:55-05:00" level=info msg="TRACE|{\"scenario\":\"CARGA-1000\",\"checkoutId\":\"4217ecd7-39d3-413d-bd1c-b40863c535c2\",\"status\":\"COMPLETED\",\"completed\":true}" source=console

running (0h06m10.0s), 50/50 VUs, 719 complete and 0 interrupted iterations
checkout_load   [  72% ] 50 VUs  0h06m09.7s/1h30m0s  0719/1000 shared iters
time="2026-06-14T13:03:56-05:00" level=info msg="TRACE|{\"scenario\":\"CARGA-1000\",\"checkoutId\":\"0610c833-c209-412e-ad95-32f5740496e2\",\"status\":\"COMPLETED\",\"completed\":true}" source=console

running (0h06m11.0s), 50/50 VUs, 720 complete and 0 interrupted iterations
checkout_load   [  72% ] 50 VUs  0h06m10.7s/1h30m0s  0720/1000 shared iters
time="2026-06-14T13:03:57-05:00" level=info msg="TRACE|{\"scenario\":\"CARGA-1000\",\"checkoutId\":\"8e6799af-d4fb-48f9-88ce-a8940129a232\",\"status\":\"COMPLETED\",\"completed\":true}" source=console
time="2026-06-14T13:03:57-05:00" level=info msg="TRACE|{\"scenario\":\"CARGA-1000\",\"checkoutId\":\"129bbd28-0868-4ee4-8c56-2f18e4ba2243\",\"status\":\"COMPLETED\",\"completed\":true}" source=console
time="2026-06-14T13:03:57-05:00" level=info msg="TRACE|{\"scenario\":\"CARGA-1000\",\"checkoutId\":\"d1f7df6b-bcc1-4dab-8c3c-96e891c71fc3\",\"status\":\"COMPLETED\",\"completed\":true}" source=console
time="2026-06-14T13:03:57-05:00" level=info msg="TRACE|{\"scenario\":\"CARGA-1000\",\"checkoutId\":\"0c2b7f25-a505-4a9f-8c3c-d586706982fb\",\"status\":\"COMPLETED\",\"completed\":true}" source=console

running (0h06m12.0s), 50/50 VUs, 724 complete and 0 interrupted iterations
checkout_load   [  72% ] 50 VUs  0h06m11.7s/1h30m0s  0724/1000 shared iters
time="2026-06-14T13:03:58-05:00" level=info msg="TRACE|{\"scenario\":\"CARGA-1000\",\"checkoutId\":\"86d5e507-cfd6-4d72-add6-9dbf71bf1184\",\"status\":\"COMPLETED\",\"completed\":true}" source=console

running (0h06m13.0s), 50/50 VUs, 725 complete and 0 interrupted iterations
checkout_load   [  72% ] 50 VUs  0h06m12.7s/1h30m0s  0725/1000 shared iters
time="2026-06-14T13:03:59-05:00" level=info msg="TRACE|{\"scenario\":\"CARGA-1000\",\"checkoutId\":\"b0acb0b2-638d-4e1b-9b37-25dda1dd5b2d\",\"status\":\"COMPLETED\",\"completed\":true}" source=console

running (0h06m14.0s), 50/50 VUs, 726 complete and 0 interrupted iterations
checkout_load   [  73% ] 50 VUs  0h06m13.7s/1h30m0s  0726/1000 shared iters
time="2026-06-14T13:04:00-05:00" level=info msg="TRACE|{\"scenario\":\"CARGA-1000\",\"checkoutId\":\"397c4b7c-9758-4593-9ba6-a50830d3cc75\",\"status\":\"COMPLETED\",\"completed\":true}" source=console
time="2026-06-14T13:04:00-05:00" level=info msg="TRACE|{\"scenario\":\"CARGA-1000\",\"checkoutId\":\"c81240cf-6697-44cc-977d-88891539cf0e\",\"status\":\"COMPLETED\",\"completed\":true}" source=console
time="2026-06-14T13:04:00-05:00" level=info msg="TRACE|{\"scenario\":\"CARGA-1000\",\"checkoutId\":\"9b730ac4-b67c-4bd2-8269-57085fac7e6d\",\"status\":\"COMPLETED\",\"completed\":true}" source=console
time="2026-06-14T13:04:01-05:00" level=info msg="TRACE|{\"scenario\":\"CARGA-1000\",\"checkoutId\":\"b142df75-42b4-4468-a8f1-8dee8019677f\",\"status\":\"COMPLETED\",\"completed\":true}" source=console

running (0h06m15.0s), 50/50 VUs, 730 complete and 0 interrupted iterations
checkout_load   [  73% ] 50 VUs  0h06m14.7s/1h30m0s  0730/1000 shared iters

running (0h06m16.0s), 50/50 VUs, 730 complete and 0 interrupted iterations
checkout_load   [  73% ] 50 VUs  0h06m15.7s/1h30m0s  0730/1000 shared iters
time="2026-06-14T13:04:02-05:00" level=info msg="TRACE|{\"scenario\":\"CARGA-1000\",\"checkoutId\":\"14520643-7454-4032-bc42-9af96dc4b4c5\",\"status\":\"COMPLETED\",\"completed\":true}" source=console
time="2026-06-14T13:04:02-05:00" level=info msg="TRACE|{\"scenario\":\"CARGA-1000\",\"checkoutId\":\"d27cb091-e3f4-4bc7-8ae8-2c0a7af201f4\",\"status\":\"COMPLETED\",\"completed\":true}" source=console

running (0h06m17.0s), 50/50 VUs, 732 complete and 0 interrupted iterations
checkout_load   [  73% ] 50 VUs  0h06m16.7s/1h30m0s  0732/1000 shared iters
time="2026-06-14T13:04:03-05:00" level=info msg="TRACE|{\"scenario\":\"CARGA-1000\",\"checkoutId\":\"0077b55d-662a-46c2-81cc-8261b4418d83\",\"status\":\"COMPLETED\",\"completed\":true}" source=console
time="2026-06-14T13:04:03-05:00" level=info msg="TRACE|{\"scenario\":\"CARGA-1000\",\"checkoutId\":\"f2c04cca-2294-4cbe-8462-47e9883cc80a\",\"status\":\"COMPLETED\",\"completed\":true}" source=console
time="2026-06-14T13:04:03-05:00" level=info msg="TRACE|{\"scenario\":\"CARGA-1000\",\"checkoutId\":\"e8194356-b9e5-4512-b3f8-0117022e1197\",\"status\":\"COMPLETED\",\"completed\":true}" source=console

running (0h06m18.0s), 50/50 VUs, 735 complete and 0 interrupted iterations
checkout_load   [  74% ] 50 VUs  0h06m17.7s/1h30m0s  0735/1000 shared iters
time="2026-06-14T13:04:04-05:00" level=info msg="TRACE|{\"scenario\":\"CARGA-1000\",\"checkoutId\":\"6df474a9-33fb-4d96-8f7e-70fd1351667f\",\"status\":\"COMPLETED\",\"completed\":true}" source=console
time="2026-06-14T13:04:04-05:00" level=info msg="TRACE|{\"scenario\":\"CARGA-1000\",\"checkoutId\":\"8d910bc9-3b63-46da-8a0a-46e85578992a\",\"status\":\"COMPLETED\",\"completed\":true}" source=console

running (0h06m19.0s), 50/50 VUs, 737 complete and 0 interrupted iterations
checkout_load   [  74% ] 50 VUs  0h06m18.7s/1h30m0s  0737/1000 shared iters
time="2026-06-14T13:04:05-05:00" level=info msg="TRACE|{\"scenario\":\"CARGA-1000\",\"checkoutId\":\"1ee56645-faf7-4301-a7f0-31f226879fd7\",\"status\":\"COMPLETED\",\"completed\":true}" source=console
time="2026-06-14T13:04:06-05:00" level=info msg="TRACE|{\"scenario\":\"CARGA-1000\",\"checkoutId\":\"06b76e3b-5041-4ea2-9a3e-cd130f520269\",\"status\":\"COMPLETED\",\"completed\":true}" source=console

running (0h06m20.0s), 50/50 VUs, 739 complete and 0 interrupted iterations
checkout_load   [  74% ] 50 VUs  0h06m19.7s/1h30m0s  0739/1000 shared iters
time="2026-06-14T13:04:06-05:00" level=info msg="TRACE|{\"scenario\":\"CARGA-1000\",\"checkoutId\":\"392e7d46-096d-4452-94f8-2cb946ceb168\",\"status\":\"COMPLETED\",\"completed\":true}" source=console
time="2026-06-14T13:04:06-05:00" level=info msg="TRACE|{\"scenario\":\"CARGA-1000\",\"checkoutId\":\"d785229b-0942-41b4-888f-c289e4e19ede\",\"status\":\"COMPLETED\",\"completed\":true}" source=console
time="2026-06-14T13:04:07-05:00" level=info msg="TRACE|{\"scenario\":\"CARGA-1000\",\"checkoutId\":\"b1f7b0e0-d8fb-4a58-af08-53c434dc8e37\",\"status\":\"COMPLETED\",\"completed\":true}" source=console

running (0h06m21.0s), 50/50 VUs, 742 complete and 0 interrupted iterations
checkout_load   [  74% ] 50 VUs  0h06m20.7s/1h30m0s  0742/1000 shared iters

running (0h06m22.0s), 50/50 VUs, 742 complete and 0 interrupted iterations
checkout_load   [  74% ] 50 VUs  0h06m21.7s/1h30m0s  0742/1000 shared iters
time="2026-06-14T13:04:08-05:00" level=info msg="TRACE|{\"scenario\":\"CARGA-1000\",\"checkoutId\":\"58b22274-dfec-4c4b-b7e8-ea9bdc931676\",\"status\":\"COMPLETED\",\"completed\":true}" source=console
time="2026-06-14T13:04:08-05:00" level=info msg="TRACE|{\"scenario\":\"CARGA-1000\",\"checkoutId\":\"a8b8f703-2e2e-40a3-a12d-bdb521fb71ba\",\"status\":\"COMPLETED\",\"completed\":true}" source=console
time="2026-06-14T13:04:08-05:00" level=info msg="TRACE|{\"scenario\":\"CARGA-1000\",\"checkoutId\":\"129c85a5-64b9-45ab-aee0-093f856cd0e1\",\"status\":\"COMPLETED\",\"completed\":true}" source=console

running (0h06m23.0s), 50/50 VUs, 745 complete and 0 interrupted iterations
checkout_load   [  74% ] 50 VUs  0h06m22.7s/1h30m0s  0745/1000 shared iters
time="2026-06-14T13:04:09-05:00" level=info msg="TRACE|{\"scenario\":\"CARGA-1000\",\"checkoutId\":\"5e83b0fb-cda6-4c49-a5cc-f3bc88904b0d\",\"status\":\"COMPLETED\",\"completed\":true}" source=console

running (0h06m24.0s), 50/50 VUs, 746 complete and 0 interrupted iterations
checkout_load   [  75% ] 50 VUs  0h06m23.7s/1h30m0s  0746/1000 shared iters
time="2026-06-14T13:04:10-05:00" level=info msg="TRACE|{\"scenario\":\"CARGA-1000\",\"checkoutId\":\"feca95bd-9f15-4a05-a207-d7716cadb533\",\"status\":\"COMPLETED\",\"completed\":true}" source=console
time="2026-06-14T13:04:10-05:00" level=info msg="TRACE|{\"scenario\":\"CARGA-1000\",\"checkoutId\":\"086e61d6-7d28-4aa8-ad4d-2a459a89c4f4\",\"status\":\"COMPLETED\",\"completed\":true}" source=console
time="2026-06-14T13:04:10-05:00" level=info msg="TRACE|{\"scenario\":\"CARGA-1000\",\"checkoutId\":\"eaf8623a-f527-4015-bc83-39398a3c40f9\",\"status\":\"COMPLETED\",\"completed\":true}" source=console

running (0h06m25.0s), 50/50 VUs, 749 complete and 0 interrupted iterations
checkout_load   [  75% ] 50 VUs  0h06m24.7s/1h30m0s  0749/1000 shared iters
time="2026-06-14T13:04:11-05:00" level=info msg="TRACE|{\"scenario\":\"CARGA-1000\",\"checkoutId\":\"a8629015-0a9f-4441-8e63-676bf5767640\",\"status\":\"COMPLETED\",\"completed\":true}" source=console
time="2026-06-14T13:04:11-05:00" level=info msg="TRACE|{\"scenario\":\"CARGA-1000\",\"checkoutId\":\"6619d209-d1c1-4f0a-a68c-1b53c8d8f0c2\",\"status\":\"COMPLETED\",\"completed\":true}" source=console
time="2026-06-14T13:04:11-05:00" level=info msg="TRACE|{\"scenario\":\"CARGA-1000\",\"checkoutId\":\"1ab94e84-81a0-4756-a9b9-a17d39f5a6e4\",\"status\":\"COMPLETED\",\"completed\":true}" source=console

running (0h06m26.0s), 50/50 VUs, 752 complete and 0 interrupted iterations
checkout_load   [  75% ] 50 VUs  0h06m25.7s/1h30m0s  0752/1000 shared iters

running (0h06m27.0s), 50/50 VUs, 752 complete and 0 interrupted iterations
checkout_load   [  75% ] 50 VUs  0h06m26.7s/1h30m0s  0752/1000 shared iters
time="2026-06-14T13:04:13-05:00" level=info msg="TRACE|{\"scenario\":\"CARGA-1000\",\"checkoutId\":\"511374b6-2812-44f7-b8e6-f53b008f8c2a\",\"status\":\"COMPLETED\",\"completed\":true}" source=console
time="2026-06-14T13:04:13-05:00" level=info msg="TRACE|{\"scenario\":\"CARGA-1000\",\"checkoutId\":\"d1288f59-a0cc-43b7-9ede-b5e20b9fae5f\",\"status\":\"COMPLETED\",\"completed\":true}" source=console
time="2026-06-14T13:04:14-05:00" level=info msg="TRACE|{\"scenario\":\"CARGA-1000\",\"checkoutId\":\"c5baf8c8-ab4d-4c2c-bb8c-2926a11f4fe0\",\"status\":\"COMPLETED\",\"completed\":true}" source=console

running (0h06m28.0s), 50/50 VUs, 755 complete and 0 interrupted iterations
checkout_load   [  76% ] 50 VUs  0h06m27.7s/1h30m0s  0755/1000 shared iters
time="2026-06-14T13:04:14-05:00" level=info msg="TRACE|{\"scenario\":\"CARGA-1000\",\"checkoutId\":\"0f6392c4-36fd-4684-991a-8b781e11174d\",\"status\":\"COMPLETED\",\"completed\":true}" source=console
time="2026-06-14T13:04:14-05:00" level=info msg="TRACE|{\"scenario\":\"CARGA-1000\",\"checkoutId\":\"060e3534-80ab-4618-9ea7-4a6951836402\",\"status\":\"COMPLETED\",\"completed\":true}" source=console

running (0h06m29.0s), 50/50 VUs, 757 complete and 0 interrupted iterations
checkout_load   [  76% ] 50 VUs  0h06m28.7s/1h30m0s  0757/1000 shared iters
time="2026-06-14T13:04:15-05:00" level=info msg="TRACE|{\"scenario\":\"CARGA-1000\",\"checkoutId\":\"7d3a3dce-73a5-4f24-977e-a370ae1ce815\",\"status\":\"COMPLETED\",\"completed\":true}" source=console
time="2026-06-14T13:04:15-05:00" level=info msg="TRACE|{\"scenario\":\"CARGA-1000\",\"checkoutId\":\"1871d796-7181-471c-915c-252de23607a2\",\"status\":\"COMPLETED\",\"completed\":true}" source=console

running (0h06m30.0s), 50/50 VUs, 759 complete and 0 interrupted iterations
checkout_load   [  76% ] 50 VUs  0h06m29.7s/1h30m0s  0759/1000 shared iters
time="2026-06-14T13:04:16-05:00" level=info msg="TRACE|{\"scenario\":\"CARGA-1000\",\"checkoutId\":\"2e3d4964-2222-4269-aa34-3dda9fb88ff0\",\"status\":\"COMPLETED\",\"completed\":true}" source=console
time="2026-06-14T13:04:17-05:00" level=info msg="TRACE|{\"scenario\":\"CARGA-1000\",\"checkoutId\":\"9e4cddf6-586d-4ae5-b49a-111f72a6a34f\",\"status\":\"COMPLETED\",\"completed\":true}" source=console

running (0h06m31.0s), 50/50 VUs, 761 complete and 0 interrupted iterations
checkout_load   [  76% ] 50 VUs  0h06m30.7s/1h30m0s  0761/1000 shared iters
time="2026-06-14T13:04:17-05:00" level=info msg="TRACE|{\"scenario\":\"CARGA-1000\",\"checkoutId\":\"e65c1924-becc-4219-ae34-a6fbc4a3e2d5\",\"status\":\"COMPLETED\",\"completed\":true}" source=console

running (0h06m32.0s), 50/50 VUs, 762 complete and 0 interrupted iterations
checkout_load   [  76% ] 50 VUs  0h06m31.7s/1h30m0s  0762/1000 shared iters
time="2026-06-14T13:04:18-05:00" level=info msg="TRACE|{\"scenario\":\"CARGA-1000\",\"checkoutId\":\"45083f6f-a644-4a42-b6a8-e92c265153be\",\"status\":\"COMPLETED\",\"completed\":true}" source=console
time="2026-06-14T13:04:18-05:00" level=info msg="TRACE|{\"scenario\":\"CARGA-1000\",\"checkoutId\":\"3bb2697e-1b3f-4ec5-ad1e-e975bb264cae\",\"status\":\"COMPLETED\",\"completed\":true}" source=console

running (0h06m33.0s), 50/50 VUs, 764 complete and 0 interrupted iterations
checkout_load   [  76% ] 50 VUs  0h06m32.7s/1h30m0s  0764/1000 shared iters
time="2026-06-14T13:04:19-05:00" level=info msg="TRACE|{\"scenario\":\"CARGA-1000\",\"checkoutId\":\"58b7463f-f059-40ea-b449-34eddbc4acb3\",\"status\":\"COMPLETED\",\"completed\":true}" source=console
time="2026-06-14T13:04:19-05:00" level=info msg="TRACE|{\"scenario\":\"CARGA-1000\",\"checkoutId\":\"99a258fb-7f78-49c1-940a-9e71e9c81e44\",\"status\":\"COMPLETED\",\"completed\":true}" source=console
time="2026-06-14T13:04:19-05:00" level=info msg="TRACE|{\"scenario\":\"CARGA-1000\",\"checkoutId\":\"e00781c2-31ea-40f1-ba1d-90798d66f9d3\",\"status\":\"COMPLETED\",\"completed\":true}" source=console

running (0h06m34.0s), 50/50 VUs, 767 complete and 0 interrupted iterations
checkout_load   [  77% ] 50 VUs  0h06m33.7s/1h30m0s  0767/1000 shared iters
time="2026-06-14T13:04:20-05:00" level=info msg="TRACE|{\"scenario\":\"CARGA-1000\",\"checkoutId\":\"f5ef6920-bf93-436d-b2e3-040feaf751d0\",\"status\":\"COMPLETED\",\"completed\":true}" source=console
time="2026-06-14T13:04:20-05:00" level=info msg="TRACE|{\"scenario\":\"CARGA-1000\",\"checkoutId\":\"b50b639c-0d87-4bb2-ab16-639a552d480e\",\"status\":\"COMPLETED\",\"completed\":true}" source=console

running (0h06m35.0s), 50/50 VUs, 769 complete and 0 interrupted iterations
checkout_load   [  77% ] 50 VUs  0h06m34.7s/1h30m0s  0769/1000 shared iters
time="2026-06-14T13:04:21-05:00" level=info msg="TRACE|{\"scenario\":\"CARGA-1000\",\"checkoutId\":\"ab32d139-677d-41f6-9421-3176c217b940\",\"status\":\"COMPLETED\",\"completed\":true}" source=console
time="2026-06-14T13:04:21-05:00" level=info msg="TRACE|{\"scenario\":\"CARGA-1000\",\"checkoutId\":\"3f7b2cb5-ff85-4a8b-8f11-a953937bce60\",\"status\":\"COMPLETED\",\"completed\":true}" source=console

running (0h06m36.0s), 50/50 VUs, 771 complete and 0 interrupted iterations
checkout_load   [  77% ] 50 VUs  0h06m35.7s/1h30m0s  0771/1000 shared iters
time="2026-06-14T13:04:23-05:00" level=info msg="TRACE|{\"scenario\":\"CARGA-1000\",\"checkoutId\":\"14b72612-c9c6-4ec0-9224-a16a0b583698\",\"status\":\"COMPLETED\",\"completed\":true}" source=console

running (0h06m37.0s), 50/50 VUs, 772 complete and 0 interrupted iterations
checkout_load   [  77% ] 50 VUs  0h06m36.7s/1h30m0s  0772/1000 shared iters
time="2026-06-14T13:04:23-05:00" level=info msg="TRACE|{\"scenario\":\"CARGA-1000\",\"checkoutId\":\"f815a89b-d9bf-4366-b338-bcc86e9f4462\",\"status\":\"COMPLETED\",\"completed\":true}" source=console
time="2026-06-14T13:04:23-05:00" level=info msg="TRACE|{\"scenario\":\"CARGA-1000\",\"checkoutId\":\"f160c63e-174b-4a04-b49b-6bf50db6b790\",\"status\":\"COMPLETED\",\"completed\":true}" source=console

running (0h06m38.0s), 50/50 VUs, 774 complete and 0 interrupted iterations
checkout_load   [  77% ] 50 VUs  0h06m37.7s/1h30m0s  0774/1000 shared iters
time="2026-06-14T13:04:24-05:00" level=info msg="TRACE|{\"scenario\":\"CARGA-1000\",\"checkoutId\":\"af8330d9-7dd8-4b42-b66c-063bc2a537f9\",\"status\":\"COMPLETED\",\"completed\":true}" source=console
time="2026-06-14T13:04:24-05:00" level=info msg="TRACE|{\"scenario\":\"CARGA-1000\",\"checkoutId\":\"39150e5e-915e-4155-bc4e-9fb46a1d26fe\",\"status\":\"COMPLETED\",\"completed\":true}" source=console
time="2026-06-14T13:04:24-05:00" level=info msg="TRACE|{\"scenario\":\"CARGA-1000\",\"checkoutId\":\"07e8e825-7258-480f-96ec-77130f289496\",\"status\":\"COMPLETED\",\"completed\":true}" source=console

running (0h06m39.0s), 50/50 VUs, 777 complete and 0 interrupted iterations
checkout_load   [  78% ] 50 VUs  0h06m38.7s/1h30m0s  0777/1000 shared iters

running (0h06m40.0s), 50/50 VUs, 777 complete and 0 interrupted iterations
checkout_load   [  78% ] 50 VUs  0h06m39.7s/1h30m0s  0777/1000 shared iters
time="2026-06-14T13:04:26-05:00" level=info msg="TRACE|{\"scenario\":\"CARGA-1000\",\"checkoutId\":\"0d70327d-fb61-472c-8b99-25dc6a73a210\",\"status\":\"COMPLETED\",\"completed\":true}" source=console
time="2026-06-14T13:04:26-05:00" level=info msg="TRACE|{\"scenario\":\"CARGA-1000\",\"checkoutId\":\"e4836997-4d86-4925-916e-32bc13a8fff8\",\"status\":\"COMPLETED\",\"completed\":true}" source=console
time="2026-06-14T13:04:26-05:00" level=info msg="TRACE|{\"scenario\":\"CARGA-1000\",\"checkoutId\":\"2820c5e2-cb81-47e0-a58e-bb1ec8a2ba25\",\"status\":\"COMPLETED\",\"completed\":true}" source=console
time="2026-06-14T13:04:26-05:00" level=info msg="TRACE|{\"scenario\":\"CARGA-1000\",\"checkoutId\":\"10ec056f-dab5-44aa-890e-bfacc9a01c16\",\"status\":\"COMPLETED\",\"completed\":true}" source=console

running (0h06m41.0s), 50/50 VUs, 781 complete and 0 interrupted iterations
checkout_load   [  78% ] 50 VUs  0h06m40.7s/1h30m0s  0781/1000 shared iters
time="2026-06-14T13:04:28-05:00" level=info msg="TRACE|{\"scenario\":\"CARGA-1000\",\"checkoutId\":\"ca57c075-c9fe-4df1-b654-7ddae9a4f6e0\",\"status\":\"COMPLETED\",\"completed\":true}" source=console

running (0h06m42.0s), 50/50 VUs, 782 complete and 0 interrupted iterations
checkout_load   [  78% ] 50 VUs  0h06m41.7s/1h30m0s  0782/1000 shared iters
time="2026-06-14T13:04:28-05:00" level=info msg="TRACE|{\"scenario\":\"CARGA-1000\",\"checkoutId\":\"5c8ecc0e-d8a5-436c-979d-00f147bb074a\",\"status\":\"COMPLETED\",\"completed\":true}" source=console

running (0h06m43.0s), 50/50 VUs, 783 complete and 0 interrupted iterations
checkout_load   [  78% ] 50 VUs  0h06m42.7s/1h30m0s  0783/1000 shared iters
time="2026-06-14T13:04:29-05:00" level=info msg="TRACE|{\"scenario\":\"CARGA-1000\",\"checkoutId\":\"c762edcf-1fd7-4e1a-9c00-522cb7c3459f\",\"status\":\"COMPLETED\",\"completed\":true}" source=console

running (0h06m44.0s), 50/50 VUs, 784 complete and 0 interrupted iterations
checkout_load   [  78% ] 50 VUs  0h06m43.7s/1h30m0s  0784/1000 shared iters

running (0h06m45.0s), 50/50 VUs, 784 complete and 0 interrupted iterations
checkout_load   [  78% ] 50 VUs  0h06m44.7s/1h30m0s  0784/1000 shared iters

running (0h06m46.0s), 50/50 VUs, 784 complete and 0 interrupted iterations
checkout_load   [  78% ] 50 VUs  0h06m45.7s/1h30m0s  0784/1000 shared iters
time="2026-06-14T13:04:32-05:00" level=info msg="TRACE|{\"scenario\":\"CARGA-1000\",\"checkoutId\":\"14c2ca61-918c-4201-8b87-cae43dc56d78\",\"status\":\"COMPLETED\",\"completed\":true}" source=console

running (0h06m47.0s), 50/50 VUs, 785 complete and 0 interrupted iterations
checkout_load   [  78% ] 50 VUs  0h06m46.7s/1h30m0s  0785/1000 shared iters
time="2026-06-14T13:04:33-05:00" level=info msg="TRACE|{\"scenario\":\"CARGA-1000\",\"checkoutId\":\"67e44da9-17da-4e89-ab56-8774784919af\",\"status\":\"COMPLETED\",\"completed\":true}" source=console
time="2026-06-14T13:04:33-05:00" level=info msg="TRACE|{\"scenario\":\"CARGA-1000\",\"checkoutId\":\"e1af84e3-ca34-44b9-98ed-315a8e437f13\",\"status\":\"COMPLETED\",\"completed\":true}" source=console
time="2026-06-14T13:04:33-05:00" level=info msg="TRACE|{\"scenario\":\"CARGA-1000\",\"checkoutId\":\"4fc4609f-bb6b-4dd6-85f1-befc7b8437c5\",\"status\":\"COMPLETED\",\"completed\":true}" source=console

running (0h06m48.0s), 50/50 VUs, 788 complete and 0 interrupted iterations
checkout_load   [  79% ] 50 VUs  0h06m47.7s/1h30m0s  0788/1000 shared iters
time="2026-06-14T13:04:34-05:00" level=info msg="TRACE|{\"scenario\":\"CARGA-1000\",\"checkoutId\":\"b428647c-2edd-41e5-9841-11f8aa974022\",\"status\":\"COMPLETED\",\"completed\":true}" source=console
time="2026-06-14T13:04:34-05:00" level=info msg="TRACE|{\"scenario\":\"CARGA-1000\",\"checkoutId\":\"1d5202fb-1b9d-4144-8e7c-e3c513491af2\",\"status\":\"COMPLETED\",\"completed\":true}" source=console

running (0h06m49.0s), 50/50 VUs, 790 complete and 0 interrupted iterations
checkout_load   [  79% ] 50 VUs  0h06m48.7s/1h30m0s  0790/1000 shared iters
time="2026-06-14T13:04:35-05:00" level=info msg="TRACE|{\"scenario\":\"CARGA-1000\",\"checkoutId\":\"a687ece8-0836-42e5-acef-21854af35f6d\",\"status\":\"COMPLETED\",\"completed\":true}" source=console
time="2026-06-14T13:04:35-05:00" level=info msg="TRACE|{\"scenario\":\"CARGA-1000\",\"checkoutId\":\"9e7591f2-e3f3-4449-8c0d-aee04e409b69\",\"status\":\"COMPLETED\",\"completed\":true}" source=console
time="2026-06-14T13:04:35-05:00" level=info msg="TRACE|{\"scenario\":\"CARGA-1000\",\"checkoutId\":\"8b6142f3-cf19-40e1-8731-5ac6de8e4395\",\"status\":\"COMPLETED\",\"completed\":true}" source=console
time="2026-06-14T13:04:35-05:00" level=info msg="TRACE|{\"scenario\":\"CARGA-1000\",\"checkoutId\":\"1a1d6026-ebc3-4d57-8244-ff832a93c848\",\"status\":\"COMPLETED\",\"completed\":true}" source=console
time="2026-06-14T13:04:35-05:00" level=info msg="TRACE|{\"scenario\":\"CARGA-1000\",\"checkoutId\":\"48831fd4-aeb6-4fcd-9e0a-93ccc01c22ad\",\"status\":\"COMPLETED\",\"completed\":true}" source=console
time="2026-06-14T13:04:35-05:00" level=info msg="TRACE|{\"scenario\":\"CARGA-1000\",\"checkoutId\":\"42083f72-14f0-4f9f-91eb-01466cef868d\",\"status\":\"COMPLETED\",\"completed\":true}" source=console
time="2026-06-14T13:04:35-05:00" level=info msg="TRACE|{\"scenario\":\"CARGA-1000\",\"checkoutId\":\"fa65f492-015c-443a-bf0b-620dfe0181e6\",\"status\":\"COMPLETED\",\"completed\":true}" source=console
time="2026-06-14T13:04:35-05:00" level=info msg="TRACE|{\"scenario\":\"CARGA-1000\",\"checkoutId\":\"accdd2a4-e979-4fe0-b723-2679437eabd7\",\"status\":\"COMPLETED\",\"completed\":true}" source=console

running (0h06m50.0s), 50/50 VUs, 798 complete and 0 interrupted iterations
checkout_load   [  80% ] 50 VUs  0h06m49.7s/1h30m0s  0798/1000 shared iters
time="2026-06-14T13:04:36-05:00" level=info msg="TRACE|{\"scenario\":\"CARGA-1000\",\"checkoutId\":\"329c511d-e72c-4b62-a593-a30aca4de8f5\",\"status\":\"COMPLETED\",\"completed\":true}" source=console
time="2026-06-14T13:04:36-05:00" level=info msg="TRACE|{\"scenario\":\"CARGA-1000\",\"checkoutId\":\"78ee1f80-59fb-4777-b607-e0bcb3f2e7c3\",\"status\":\"COMPLETED\",\"completed\":true}" source=console

running (0h06m51.0s), 50/50 VUs, 800 complete and 0 interrupted iterations
checkout_load   [  80% ] 50 VUs  0h06m50.7s/1h30m0s  0800/1000 shared iters
time="2026-06-14T13:04:37-05:00" level=info msg="TRACE|{\"scenario\":\"CARGA-1000\",\"checkoutId\":\"7ffac4c7-d858-4060-88f2-d9cdf1d2736e\",\"status\":\"COMPLETED\",\"completed\":true}" source=console
time="2026-06-14T13:04:38-05:00" level=info msg="TRACE|{\"scenario\":\"CARGA-1000\",\"checkoutId\":\"e04acb76-3eb2-4378-a405-f088d781afd2\",\"status\":\"COMPLETED\",\"completed\":true}" source=console

running (0h06m52.0s), 50/50 VUs, 802 complete and 0 interrupted iterations
checkout_load   [  80% ] 50 VUs  0h06m51.7s/1h30m0s  0802/1000 shared iters
time="2026-06-14T13:04:38-05:00" level=info msg="TRACE|{\"scenario\":\"CARGA-1000\",\"checkoutId\":\"62b05ebd-cd4c-4217-804b-691557b30d96\",\"status\":\"COMPLETED\",\"completed\":true}" source=console
time="2026-06-14T13:04:38-05:00" level=info msg="TRACE|{\"scenario\":\"CARGA-1000\",\"checkoutId\":\"34a5e899-1e4d-497a-bcb4-3587a3444243\",\"status\":\"COMPLETED\",\"completed\":true}" source=console

running (0h06m53.0s), 50/50 VUs, 804 complete and 0 interrupted iterations
checkout_load   [  80% ] 50 VUs  0h06m52.7s/1h30m0s  0804/1000 shared iters
time="2026-06-14T13:04:39-05:00" level=info msg="TRACE|{\"scenario\":\"CARGA-1000\",\"checkoutId\":\"e89325ef-2796-4441-896f-e775374f6a43\",\"status\":\"COMPLETED\",\"completed\":true}" source=console
time="2026-06-14T13:04:39-05:00" level=info msg="TRACE|{\"scenario\":\"CARGA-1000\",\"checkoutId\":\"515f270a-eb60-419f-ba38-2e3e61581863\",\"status\":\"COMPLETED\",\"completed\":true}" source=console

running (0h06m54.0s), 50/50 VUs, 806 complete and 0 interrupted iterations
checkout_load   [  81% ] 50 VUs  0h06m53.7s/1h30m0s  0806/1000 shared iters
time="2026-06-14T13:04:40-05:00" level=info msg="TRACE|{\"scenario\":\"CARGA-1000\",\"checkoutId\":\"f2115607-6d9e-448d-b4ac-50dd54589f67\",\"status\":\"COMPLETED\",\"completed\":true}" source=console
time="2026-06-14T13:04:40-05:00" level=info msg="TRACE|{\"scenario\":\"CARGA-1000\",\"checkoutId\":\"c6aa1ecf-3674-4c46-9920-b529dcf3761e\",\"status\":\"COMPLETED\",\"completed\":true}" source=console

running (0h06m55.0s), 50/50 VUs, 808 complete and 0 interrupted iterations
checkout_load   [  81% ] 50 VUs  0h06m54.7s/1h30m0s  0808/1000 shared iters
time="2026-06-14T13:04:41-05:00" level=info msg="TRACE|{\"scenario\":\"CARGA-1000\",\"checkoutId\":\"dcc07e25-635d-4da4-b97f-cc2ef016ffeb\",\"status\":\"COMPLETED\",\"completed\":true}" source=console

running (0h06m56.0s), 50/50 VUs, 809 complete and 0 interrupted iterations
checkout_load   [  81% ] 50 VUs  0h06m55.7s/1h30m0s  0809/1000 shared iters
time="2026-06-14T13:04:42-05:00" level=info msg="TRACE|{\"scenario\":\"CARGA-1000\",\"checkoutId\":\"d783c5c2-9fdb-423f-bfa1-cd087748cf43\",\"status\":\"COMPLETED\",\"completed\":true}" source=console
time="2026-06-14T13:04:42-05:00" level=info msg="TRACE|{\"scenario\":\"CARGA-1000\",\"checkoutId\":\"59392721-f7fb-4ecd-aeb0-60ba6976cf8e\",\"status\":\"COMPLETED\",\"completed\":true}" source=console
time="2026-06-14T13:04:42-05:00" level=info msg="TRACE|{\"scenario\":\"CARGA-1000\",\"checkoutId\":\"7340f2af-ca53-42b2-bb15-08c18a50bf1c\",\"status\":\"COMPLETED\",\"completed\":true}" source=console

running (0h06m57.0s), 50/50 VUs, 812 complete and 0 interrupted iterations
checkout_load   [  81% ] 50 VUs  0h06m56.7s/1h30m0s  0812/1000 shared iters
time="2026-06-14T13:04:43-05:00" level=info msg="TRACE|{\"scenario\":\"CARGA-1000\",\"checkoutId\":\"bdb30199-5bff-4ff0-8a97-1927e01008a5\",\"status\":\"COMPLETED\",\"completed\":true}" source=console
time="2026-06-14T13:04:43-05:00" level=info msg="TRACE|{\"scenario\":\"CARGA-1000\",\"checkoutId\":\"29ff4a34-65ea-4167-a48e-1e8603bf62d0\",\"status\":\"COMPLETED\",\"completed\":true}" source=console

running (0h06m58.0s), 50/50 VUs, 814 complete and 0 interrupted iterations
checkout_load   [  81% ] 50 VUs  0h06m57.7s/1h30m0s  0814/1000 shared iters
time="2026-06-14T13:04:44-05:00" level=info msg="TRACE|{\"scenario\":\"CARGA-1000\",\"checkoutId\":\"253878d5-af8d-4f9c-943e-86f3706eedae\",\"status\":\"COMPLETED\",\"completed\":true}" source=console

running (0h06m59.0s), 50/50 VUs, 815 complete and 0 interrupted iterations
checkout_load   [  82% ] 50 VUs  0h06m58.7s/1h30m0s  0815/1000 shared iters
time="2026-06-14T13:04:45-05:00" level=info msg="TRACE|{\"scenario\":\"CARGA-1000\",\"checkoutId\":\"7f29654b-0ae1-4324-9391-db2188b4da21\",\"status\":\"COMPLETED\",\"completed\":true}" source=console
time="2026-06-14T13:04:45-05:00" level=info msg="TRACE|{\"scenario\":\"CARGA-1000\",\"checkoutId\":\"f850fd2f-e90e-4323-b31a-b199fe64a819\",\"status\":\"COMPLETED\",\"completed\":true}" source=console
time="2026-06-14T13:04:45-05:00" level=info msg="TRACE|{\"scenario\":\"CARGA-1000\",\"checkoutId\":\"e44b30d7-1bcb-4ffa-bd85-f96fc427b416\",\"status\":\"COMPLETED\",\"completed\":true}" source=console
time="2026-06-14T13:04:46-05:00" level=info msg="TRACE|{\"scenario\":\"CARGA-1000\",\"checkoutId\":\"f4c51882-1e0b-4274-a8dc-d41a830c7bce\",\"status\":\"COMPLETED\",\"completed\":true}" source=console

running (0h07m00.0s), 50/50 VUs, 819 complete and 0 interrupted iterations
checkout_load   [  82% ] 50 VUs  0h06m59.7s/1h30m0s  0819/1000 shared iters
time="2026-06-14T13:04:46-05:00" level=info msg="TRACE|{\"scenario\":\"CARGA-1000\",\"checkoutId\":\"18c07d35-3c97-4c37-bde6-58cb611a03e6\",\"status\":\"COMPLETED\",\"completed\":true}" source=console

running (0h07m01.0s), 50/50 VUs, 820 complete and 0 interrupted iterations
checkout_load   [  82% ] 50 VUs  0h07m00.7s/1h30m0s  0820/1000 shared iters
time="2026-06-14T13:04:47-05:00" level=info msg="TRACE|{\"scenario\":\"CARGA-1000\",\"checkoutId\":\"18f58f50-0323-49d9-9b46-af6dc8396a67\",\"status\":\"COMPLETED\",\"completed\":true}" source=console
time="2026-06-14T13:04:47-05:00" level=info msg="TRACE|{\"scenario\":\"CARGA-1000\",\"checkoutId\":\"20746816-8d82-4844-ae98-e2d5d0cc4877\",\"status\":\"COMPLETED\",\"completed\":true}" source=console

running (0h07m02.0s), 50/50 VUs, 822 complete and 0 interrupted iterations
checkout_load   [  82% ] 50 VUs  0h07m01.7s/1h30m0s  0822/1000 shared iters
time="2026-06-14T13:04:48-05:00" level=info msg="TRACE|{\"scenario\":\"CARGA-1000\",\"checkoutId\":\"e59f5b61-4eab-4e3d-aa3e-f62552ae2190\",\"status\":\"COMPLETED\",\"completed\":true}" source=console
time="2026-06-14T13:04:48-05:00" level=info msg="TRACE|{\"scenario\":\"CARGA-1000\",\"checkoutId\":\"a389dbe0-4ff3-4361-b776-39b1020a1791\",\"status\":\"COMPLETED\",\"completed\":true}" source=console

running (0h07m03.0s), 50/50 VUs, 824 complete and 0 interrupted iterations
checkout_load   [  82% ] 50 VUs  0h07m02.7s/1h30m0s  0824/1000 shared iters
time="2026-06-14T13:04:49-05:00" level=info msg="TRACE|{\"scenario\":\"CARGA-1000\",\"checkoutId\":\"a1630870-b012-4d54-92f1-1e7f181ceea9\",\"status\":\"COMPLETED\",\"completed\":true}" source=console
time="2026-06-14T13:04:49-05:00" level=info msg="TRACE|{\"scenario\":\"CARGA-1000\",\"checkoutId\":\"64317662-6fe4-405a-ab5c-7e5ae4bdac26\",\"status\":\"COMPLETED\",\"completed\":true}" source=console

running (0h07m04.0s), 50/50 VUs, 826 complete and 0 interrupted iterations
checkout_load   [  83% ] 50 VUs  0h07m03.7s/1h30m0s  0826/1000 shared iters
time="2026-06-14T13:04:50-05:00" level=info msg="TRACE|{\"scenario\":\"CARGA-1000\",\"checkoutId\":\"ec767850-cb80-45a1-9494-3083175a0bbf\",\"status\":\"COMPLETED\",\"completed\":true}" source=console

running (0h07m05.0s), 50/50 VUs, 827 complete and 0 interrupted iterations
checkout_load   [  83% ] 50 VUs  0h07m04.7s/1h30m0s  0827/1000 shared iters
time="2026-06-14T13:04:51-05:00" level=info msg="TRACE|{\"scenario\":\"CARGA-1000\",\"checkoutId\":\"93f80f8d-2656-4a0e-90d4-390b7ccc9301\",\"status\":\"COMPLETED\",\"completed\":true}" source=console
time="2026-06-14T13:04:51-05:00" level=info msg="TRACE|{\"scenario\":\"CARGA-1000\",\"checkoutId\":\"fc0cf6f9-53cf-444b-ba4a-b939412676a3\",\"status\":\"COMPLETED\",\"completed\":true}" source=console

running (0h07m06.0s), 50/50 VUs, 829 complete and 0 interrupted iterations
checkout_load   [  83% ] 50 VUs  0h07m05.7s/1h30m0s  0829/1000 shared iters
time="2026-06-14T13:04:52-05:00" level=info msg="TRACE|{\"scenario\":\"CARGA-1000\",\"checkoutId\":\"b6a30f94-bdb3-4926-b778-05b4d7298a6e\",\"status\":\"COMPLETED\",\"completed\":true}" source=console
time="2026-06-14T13:04:52-05:00" level=info msg="TRACE|{\"scenario\":\"CARGA-1000\",\"checkoutId\":\"efc5f3f1-1fdb-4306-82de-0e972b3d6446\",\"status\":\"COMPLETED\",\"completed\":true}" source=console

running (0h07m07.0s), 50/50 VUs, 831 complete and 0 interrupted iterations
checkout_load   [  83% ] 50 VUs  0h07m06.7s/1h30m0s  0831/1000 shared iters
time="2026-06-14T13:04:53-05:00" level=info msg="TRACE|{\"scenario\":\"CARGA-1000\",\"checkoutId\":\"c9de67de-9380-4c8c-8f5b-ecc6f60eb444\",\"status\":\"COMPLETED\",\"completed\":true}" source=console

running (0h07m08.0s), 50/50 VUs, 832 complete and 0 interrupted iterations
checkout_load   [  83% ] 50 VUs  0h07m07.7s/1h30m0s  0832/1000 shared iters
time="2026-06-14T13:04:54-05:00" level=info msg="TRACE|{\"scenario\":\"CARGA-1000\",\"checkoutId\":\"d2058749-5ff0-4f6e-a8da-caeed6a57983\",\"status\":\"COMPLETED\",\"completed\":true}" source=console
time="2026-06-14T13:04:54-05:00" level=info msg="TRACE|{\"scenario\":\"CARGA-1000\",\"checkoutId\":\"8995caf4-1d8a-46a6-a0dd-bc291cc9046d\",\"status\":\"COMPLETED\",\"completed\":true}" source=console
time="2026-06-14T13:04:54-05:00" level=info msg="TRACE|{\"scenario\":\"CARGA-1000\",\"checkoutId\":\"60fc5c80-bd37-4ba9-b532-b0d0c6a4473b\",\"status\":\"COMPLETED\",\"completed\":true}" source=console
time="2026-06-14T13:04:54-05:00" level=info msg="TRACE|{\"scenario\":\"CARGA-1000\",\"checkoutId\":\"327e9de7-bc69-465f-a41c-78823faeedd0\",\"status\":\"COMPLETED\",\"completed\":true}" source=console

running (0h07m09.0s), 50/50 VUs, 836 complete and 0 interrupted iterations
checkout_load   [  84% ] 50 VUs  0h07m08.7s/1h30m0s  0836/1000 shared iters
time="2026-06-14T13:04:55-05:00" level=info msg="TRACE|{\"scenario\":\"CARGA-1000\",\"checkoutId\":\"e05b01f3-fb20-4e80-9c19-b66b0c766bc9\",\"status\":\"COMPLETED\",\"completed\":true}" source=console

running (0h07m10.0s), 50/50 VUs, 837 complete and 0 interrupted iterations
checkout_load   [  84% ] 50 VUs  0h07m09.7s/1h30m0s  0837/1000 shared iters
time="2026-06-14T13:04:56-05:00" level=info msg="TRACE|{\"scenario\":\"CARGA-1000\",\"checkoutId\":\"4cd5fbb1-e1ce-4c6f-b0ed-d59f224a9add\",\"status\":\"COMPLETED\",\"completed\":true}" source=console
time="2026-06-14T13:04:56-05:00" level=info msg="TRACE|{\"scenario\":\"CARGA-1000\",\"checkoutId\":\"2753bd7e-658f-448c-909a-3674bb2facb8\",\"status\":\"COMPLETED\",\"completed\":true}" source=console
time="2026-06-14T13:04:57-05:00" level=info msg="TRACE|{\"scenario\":\"CARGA-1000\",\"checkoutId\":\"5541ee1a-65a1-4186-91eb-f9e4d163f0c4\",\"status\":\"COMPLETED\",\"completed\":true}" source=console

running (0h07m11.0s), 50/50 VUs, 840 complete and 0 interrupted iterations
checkout_load   [  84% ] 50 VUs  0h07m10.7s/1h30m0s  0840/1000 shared iters
time="2026-06-14T13:04:57-05:00" level=info msg="TRACE|{\"scenario\":\"CARGA-1000\",\"checkoutId\":\"45971ce2-c52d-4f9d-86a2-49b10ce6fc1d\",\"status\":\"COMPLETED\",\"completed\":true}" source=console
time="2026-06-14T13:04:57-05:00" level=info msg="TRACE|{\"scenario\":\"CARGA-1000\",\"checkoutId\":\"6e1b5214-90fe-44f0-9570-bfa0ac5382ab\",\"status\":\"COMPLETED\",\"completed\":true}" source=console

running (0h07m12.0s), 50/50 VUs, 842 complete and 0 interrupted iterations
checkout_load   [  84% ] 50 VUs  0h07m11.7s/1h30m0s  0842/1000 shared iters

running (0h07m13.0s), 50/50 VUs, 842 complete and 0 interrupted iterations
checkout_load   [  84% ] 50 VUs  0h07m12.7s/1h30m0s  0842/1000 shared iters
time="2026-06-14T13:04:59-05:00" level=info msg="TRACE|{\"scenario\":\"CARGA-1000\",\"checkoutId\":\"b3401ad4-06a8-400c-9902-5c4b014d17a4\",\"status\":\"COMPLETED\",\"completed\":true}" source=console
time="2026-06-14T13:04:59-05:00" level=info msg="TRACE|{\"scenario\":\"CARGA-1000\",\"checkoutId\":\"557c4021-1163-4ae2-91ec-c0b8985fe2db\",\"status\":\"COMPLETED\",\"completed\":true}" source=console

running (0h07m14.0s), 50/50 VUs, 844 complete and 0 interrupted iterations
checkout_load   [  84% ] 50 VUs  0h07m13.7s/1h30m0s  0844/1000 shared iters
time="2026-06-14T13:05:00-05:00" level=info msg="TRACE|{\"scenario\":\"CARGA-1000\",\"checkoutId\":\"f09e052a-d1f2-4009-a28b-19c9eeb692f0\",\"status\":\"COMPLETED\",\"completed\":true}" source=console
time="2026-06-14T13:05:00-05:00" level=info msg="TRACE|{\"scenario\":\"CARGA-1000\",\"checkoutId\":\"2c40a96a-c674-49bc-802d-6379782a296a\",\"status\":\"COMPLETED\",\"completed\":true}" source=console
time="2026-06-14T13:05:00-05:00" level=info msg="TRACE|{\"scenario\":\"CARGA-1000\",\"checkoutId\":\"c3243f57-89a6-4b1f-8967-160531ab705c\",\"status\":\"COMPLETED\",\"completed\":true}" source=console

running (0h07m15.0s), 50/50 VUs, 847 complete and 0 interrupted iterations
checkout_load   [  85% ] 50 VUs  0h07m14.7s/1h30m0s  0847/1000 shared iters
time="2026-06-14T13:05:01-05:00" level=info msg="TRACE|{\"scenario\":\"CARGA-1000\",\"checkoutId\":\"2b78503c-d12f-4c0f-8d0c-148bb2e1cfce\",\"status\":\"COMPLETED\",\"completed\":true}" source=console
time="2026-06-14T13:05:01-05:00" level=info msg="TRACE|{\"scenario\":\"CARGA-1000\",\"checkoutId\":\"4b344b91-c3f4-48af-b7c5-93efc4606b36\",\"status\":\"COMPLETED\",\"completed\":true}" source=console

running (0h07m16.0s), 50/50 VUs, 849 complete and 0 interrupted iterations
checkout_load   [  85% ] 50 VUs  0h07m15.7s/1h30m0s  0849/1000 shared iters
time="2026-06-14T13:05:02-05:00" level=info msg="TRACE|{\"scenario\":\"CARGA-1000\",\"checkoutId\":\"9512e628-c39c-45fd-bbe8-5e113704f85d\",\"status\":\"COMPLETED\",\"completed\":true}" source=console
time="2026-06-14T13:05:02-05:00" level=info msg="TRACE|{\"scenario\":\"CARGA-1000\",\"checkoutId\":\"b43ba822-cb3f-46ef-8c54-fa493a377b8e\",\"status\":\"COMPLETED\",\"completed\":true}" source=console

running (0h07m17.0s), 50/50 VUs, 851 complete and 0 interrupted iterations
checkout_load   [  85% ] 50 VUs  0h07m16.7s/1h30m0s  0851/1000 shared iters
time="2026-06-14T13:05:03-05:00" level=info msg="TRACE|{\"scenario\":\"CARGA-1000\",\"checkoutId\":\"34f9b902-2f77-4fbd-bd9b-9aeae2a91706\",\"status\":\"COMPLETED\",\"completed\":true}" source=console
time="2026-06-14T13:05:03-05:00" level=info msg="TRACE|{\"scenario\":\"CARGA-1000\",\"checkoutId\":\"18f053dd-f634-4326-8aec-09ab7f49d827\",\"status\":\"COMPLETED\",\"completed\":true}" source=console
time="2026-06-14T13:05:03-05:00" level=info msg="TRACE|{\"scenario\":\"CARGA-1000\",\"checkoutId\":\"dc6de51e-b247-497e-829f-5b6264ce1ad7\",\"status\":\"COMPLETED\",\"completed\":true}" source=console

running (0h07m18.0s), 50/50 VUs, 854 complete and 0 interrupted iterations
checkout_load   [  85% ] 50 VUs  0h07m17.7s/1h30m0s  0854/1000 shared iters

running (0h07m19.0s), 50/50 VUs, 854 complete and 0 interrupted iterations
checkout_load   [  85% ] 50 VUs  0h07m18.7s/1h30m0s  0854/1000 shared iters
time="2026-06-14T13:05:05-05:00" level=info msg="TRACE|{\"scenario\":\"CARGA-1000\",\"checkoutId\":\"91eedc1f-1db8-4949-b35a-5f6e24e02f41\",\"status\":\"COMPLETED\",\"completed\":true}" source=console
time="2026-06-14T13:05:05-05:00" level=info msg="TRACE|{\"scenario\":\"CARGA-1000\",\"checkoutId\":\"07d01112-aa78-4731-befd-22f50679203b\",\"status\":\"COMPLETED\",\"completed\":true}" source=console
time="2026-06-14T13:05:05-05:00" level=info msg="TRACE|{\"scenario\":\"CARGA-1000\",\"checkoutId\":\"21514160-01f1-48ab-a3ac-5b587558ab60\",\"status\":\"COMPLETED\",\"completed\":true}" source=console

running (0h07m20.0s), 50/50 VUs, 857 complete and 0 interrupted iterations
checkout_load   [  86% ] 50 VUs  0h07m19.7s/1h30m0s  0857/1000 shared iters
time="2026-06-14T13:05:06-05:00" level=info msg="TRACE|{\"scenario\":\"CARGA-1000\",\"checkoutId\":\"59cd1631-525c-4b22-b834-50c66b28df65\",\"status\":\"COMPLETED\",\"completed\":true}" source=console

running (0h07m21.0s), 50/50 VUs, 858 complete and 0 interrupted iterations
checkout_load   [  86% ] 50 VUs  0h07m20.7s/1h30m0s  0858/1000 shared iters
time="2026-06-14T13:05:07-05:00" level=info msg="TRACE|{\"scenario\":\"CARGA-1000\",\"checkoutId\":\"06258fff-ff98-4f6e-beec-17083bee0896\",\"status\":\"COMPLETED\",\"completed\":true}" source=console
time="2026-06-14T13:05:07-05:00" level=info msg="TRACE|{\"scenario\":\"CARGA-1000\",\"checkoutId\":\"2fda2039-4cf9-4bf6-9bb1-0a1193a5e401\",\"status\":\"COMPLETED\",\"completed\":true}" source=console
time="2026-06-14T13:05:07-05:00" level=info msg="TRACE|{\"scenario\":\"CARGA-1000\",\"checkoutId\":\"ce701ebb-7a68-47a6-947b-639a3ecf5b1e\",\"status\":\"COMPLETED\",\"completed\":true}" source=console

running (0h07m22.0s), 50/50 VUs, 861 complete and 0 interrupted iterations
checkout_load   [  86% ] 50 VUs  0h07m21.7s/1h30m0s  0861/1000 shared iters
time="2026-06-14T13:05:08-05:00" level=info msg="TRACE|{\"scenario\":\"CARGA-1000\",\"checkoutId\":\"d13eb816-20bc-4bc5-92f3-c76996576cb9\",\"status\":\"COMPLETED\",\"completed\":true}" source=console

running (0h07m23.0s), 50/50 VUs, 862 complete and 0 interrupted iterations
checkout_load   [  86% ] 50 VUs  0h07m22.7s/1h30m0s  0862/1000 shared iters
time="2026-06-14T13:05:09-05:00" level=info msg="TRACE|{\"scenario\":\"CARGA-1000\",\"checkoutId\":\"5594eb31-74df-4927-abcc-87fa403c8d0b\",\"status\":\"COMPLETED\",\"completed\":true}" source=console
time="2026-06-14T13:05:09-05:00" level=info msg="TRACE|{\"scenario\":\"CARGA-1000\",\"checkoutId\":\"855416cb-5fe8-4b38-abe6-dc44b994b930\",\"status\":\"COMPLETED\",\"completed\":true}" source=console

running (0h07m24.0s), 50/50 VUs, 864 complete and 0 interrupted iterations
checkout_load   [  86% ] 50 VUs  0h07m23.7s/1h30m0s  0864/1000 shared iters
time="2026-06-14T13:05:10-05:00" level=info msg="TRACE|{\"scenario\":\"CARGA-1000\",\"checkoutId\":\"96b48775-392e-4c25-845c-8eeaf5e07177\",\"status\":\"COMPLETED\",\"completed\":true}" source=console
time="2026-06-14T13:05:10-05:00" level=info msg="TRACE|{\"scenario\":\"CARGA-1000\",\"checkoutId\":\"3dc286ee-3fab-4edd-bea0-1cf9d775f4f4\",\"status\":\"COMPLETED\",\"completed\":true}" source=console

running (0h07m25.0s), 50/50 VUs, 866 complete and 0 interrupted iterations
checkout_load   [  87% ] 50 VUs  0h07m24.7s/1h30m0s  0866/1000 shared iters
time="2026-06-14T13:05:11-05:00" level=info msg="TRACE|{\"scenario\":\"CARGA-1000\",\"checkoutId\":\"a17c0dc1-9245-4fde-8f93-9f836b8d7817\",\"status\":\"COMPLETED\",\"completed\":true}" source=console
time="2026-06-14T13:05:11-05:00" level=info msg="TRACE|{\"scenario\":\"CARGA-1000\",\"checkoutId\":\"47dbd1f3-5bd5-4708-af20-37cec544672d\",\"status\":\"COMPLETED\",\"completed\":true}" source=console
time="2026-06-14T13:05:11-05:00" level=info msg="TRACE|{\"scenario\":\"CARGA-1000\",\"checkoutId\":\"ab0af58d-46f7-4f4b-b15e-c448742381f2\",\"status\":\"COMPLETED\",\"completed\":true}" source=console

running (0h07m26.0s), 50/50 VUs, 869 complete and 0 interrupted iterations
checkout_load   [  87% ] 50 VUs  0h07m25.7s/1h30m0s  0869/1000 shared iters
time="2026-06-14T13:05:12-05:00" level=info msg="TRACE|{\"scenario\":\"CARGA-1000\",\"checkoutId\":\"c99d0138-cda2-49f8-83ce-c36e964635d4\",\"status\":\"COMPLETED\",\"completed\":true}" source=console

running (0h07m27.0s), 50/50 VUs, 870 complete and 0 interrupted iterations
checkout_load   [  87% ] 50 VUs  0h07m26.7s/1h30m0s  0870/1000 shared iters
time="2026-06-14T13:05:13-05:00" level=info msg="TRACE|{\"scenario\":\"CARGA-1000\",\"checkoutId\":\"f56acd7a-6c4a-4583-84b6-5c51602341e6\",\"status\":\"COMPLETED\",\"completed\":true}" source=console
time="2026-06-14T13:05:13-05:00" level=info msg="TRACE|{\"scenario\":\"CARGA-1000\",\"checkoutId\":\"e5df2228-a7f7-487f-b948-cd6921d39e77\",\"status\":\"COMPLETED\",\"completed\":true}" source=console

running (0h07m28.0s), 50/50 VUs, 872 complete and 0 interrupted iterations
checkout_load   [  87% ] 50 VUs  0h07m27.7s/1h30m0s  0872/1000 shared iters
time="2026-06-14T13:05:14-05:00" level=info msg="TRACE|{\"scenario\":\"CARGA-1000\",\"checkoutId\":\"cfcd5a67-2a03-4f7e-ae8f-b352852165b1\",\"status\":\"COMPLETED\",\"completed\":true}" source=console
time="2026-06-14T13:05:14-05:00" level=info msg="TRACE|{\"scenario\":\"CARGA-1000\",\"checkoutId\":\"6f7cafb9-df6a-4922-b74e-afe33fad9a46\",\"status\":\"COMPLETED\",\"completed\":true}" source=console
time="2026-06-14T13:05:15-05:00" level=info msg="TRACE|{\"scenario\":\"CARGA-1000\",\"checkoutId\":\"90705568-35a7-487f-90db-c39ae3335cf0\",\"status\":\"COMPLETED\",\"completed\":true}" source=console

running (0h07m29.0s), 50/50 VUs, 875 complete and 0 interrupted iterations
checkout_load   [  88% ] 50 VUs  0h07m28.7s/1h30m0s  0875/1000 shared iters
time="2026-06-14T13:05:15-05:00" level=info msg="TRACE|{\"scenario\":\"CARGA-1000\",\"checkoutId\":\"22422bd6-5f16-4962-bffe-6cc33b820152\",\"status\":\"COMPLETED\",\"completed\":true}" source=console
time="2026-06-14T13:05:15-05:00" level=info msg="TRACE|{\"scenario\":\"CARGA-1000\",\"checkoutId\":\"39c679f8-d7dc-4a76-b81a-dafe709beec8\",\"status\":\"COMPLETED\",\"completed\":true}" source=console

running (0h07m30.0s), 50/50 VUs, 877 complete and 0 interrupted iterations
checkout_load   [  88% ] 50 VUs  0h07m29.7s/1h30m0s  0877/1000 shared iters
time="2026-06-14T13:05:16-05:00" level=info msg="TRACE|{\"scenario\":\"CARGA-1000\",\"checkoutId\":\"345e866c-1071-46ab-9490-1232dc5148b2\",\"status\":\"COMPLETED\",\"completed\":true}" source=console
time="2026-06-14T13:05:17-05:00" level=info msg="TRACE|{\"scenario\":\"CARGA-1000\",\"checkoutId\":\"48981b3b-b7a9-4f2a-9d64-5ea708373f91\",\"status\":\"COMPLETED\",\"completed\":true}" source=console
time="2026-06-14T13:05:17-05:00" level=info msg="TRACE|{\"scenario\":\"CARGA-1000\",\"checkoutId\":\"8cb05e83-8480-46e7-9c62-e8954e9986b6\",\"status\":\"COMPLETED\",\"completed\":true}" source=console

running (0h07m31.0s), 50/50 VUs, 880 complete and 0 interrupted iterations
checkout_load   [  88% ] 50 VUs  0h07m30.7s/1h30m0s  0880/1000 shared iters

running (0h07m32.0s), 50/50 VUs, 880 complete and 0 interrupted iterations
checkout_load   [  88% ] 50 VUs  0h07m31.7s/1h30m0s  0880/1000 shared iters
time="2026-06-14T13:05:18-05:00" level=info msg="TRACE|{\"scenario\":\"CARGA-1000\",\"checkoutId\":\"58d3fc91-2a50-4be5-93bb-ac043f37bf85\",\"status\":\"COMPLETED\",\"completed\":true}" source=console
time="2026-06-14T13:05:18-05:00" level=info msg="TRACE|{\"scenario\":\"CARGA-1000\",\"checkoutId\":\"f2cf00a0-3364-4acf-8d89-88b503a7c7fd\",\"status\":\"COMPLETED\",\"completed\":true}" source=console
time="2026-06-14T13:05:18-05:00" level=info msg="TRACE|{\"scenario\":\"CARGA-1000\",\"checkoutId\":\"e5f6845b-d581-4628-a38e-1877c451cb73\",\"status\":\"COMPLETED\",\"completed\":true}" source=console

running (0h07m33.0s), 50/50 VUs, 883 complete and 0 interrupted iterations
checkout_load   [  88% ] 50 VUs  0h07m32.7s/1h30m0s  0883/1000 shared iters

running (0h07m34.0s), 50/50 VUs, 883 complete and 0 interrupted iterations
checkout_load   [  88% ] 50 VUs  0h07m33.7s/1h30m0s  0883/1000 shared iters
time="2026-06-14T13:05:20-05:00" level=info msg="TRACE|{\"scenario\":\"CARGA-1000\",\"checkoutId\":\"2f52e662-ab83-4fe6-9d5e-d1fd744b116f\",\"status\":\"COMPLETED\",\"completed\":true}" source=console
time="2026-06-14T13:05:20-05:00" level=info msg="TRACE|{\"scenario\":\"CARGA-1000\",\"checkoutId\":\"cd3bd4ad-b277-490e-b772-b1800ece39ad\",\"status\":\"COMPLETED\",\"completed\":true}" source=console
time="2026-06-14T13:05:20-05:00" level=info msg="TRACE|{\"scenario\":\"CARGA-1000\",\"checkoutId\":\"4439b32d-ea12-4228-a2e3-fec587fd388c\",\"status\":\"COMPLETED\",\"completed\":true}" source=console
time="2026-06-14T13:05:20-05:00" level=info msg="TRACE|{\"scenario\":\"CARGA-1000\",\"checkoutId\":\"11b6eacf-77c6-447e-894e-3b78e032362a\",\"status\":\"COMPLETED\",\"completed\":true}" source=console

running (0h07m35.0s), 50/50 VUs, 887 complete and 0 interrupted iterations
checkout_load   [  89% ] 50 VUs  0h07m34.7s/1h30m0s  0887/1000 shared iters
time="2026-06-14T13:05:21-05:00" level=info msg="TRACE|{\"scenario\":\"CARGA-1000\",\"checkoutId\":\"c8c631b5-952e-4b2a-95da-ad04f34daad2\",\"status\":\"COMPLETED\",\"completed\":true}" source=console

running (0h07m36.0s), 50/50 VUs, 888 complete and 0 interrupted iterations
checkout_load   [  89% ] 50 VUs  0h07m35.7s/1h30m0s  0888/1000 shared iters
time="2026-06-14T13:05:22-05:00" level=info msg="TRACE|{\"scenario\":\"CARGA-1000\",\"checkoutId\":\"10bb687f-21df-453b-b631-5efe5926aba1\",\"status\":\"COMPLETED\",\"completed\":true}" source=console
time="2026-06-14T13:05:22-05:00" level=info msg="TRACE|{\"scenario\":\"CARGA-1000\",\"checkoutId\":\"c3bfc597-964b-4cda-9b14-0af6f012984b\",\"status\":\"COMPLETED\",\"completed\":true}" source=console

running (0h07m37.0s), 50/50 VUs, 890 complete and 0 interrupted iterations
checkout_load   [  89% ] 50 VUs  0h07m36.7s/1h30m0s  0890/1000 shared iters
time="2026-06-14T13:05:23-05:00" level=info msg="TRACE|{\"scenario\":\"CARGA-1000\",\"checkoutId\":\"5955d457-a856-42ac-a35a-325d461aa4b9\",\"status\":\"COMPLETED\",\"completed\":true}" source=console
time="2026-06-14T13:05:23-05:00" level=info msg="TRACE|{\"scenario\":\"CARGA-1000\",\"checkoutId\":\"afa3b6e6-aa71-41d1-b945-c2d85d4a2ef9\",\"status\":\"COMPLETED\",\"completed\":true}" source=console

running (0h07m38.0s), 50/50 VUs, 892 complete and 0 interrupted iterations
checkout_load   [  89% ] 50 VUs  0h07m37.7s/1h30m0s  0892/1000 shared iters
time="2026-06-14T13:05:24-05:00" level=info msg="TRACE|{\"scenario\":\"CARGA-1000\",\"checkoutId\":\"51126b77-53b7-4601-9aee-417033f35749\",\"status\":\"COMPLETED\",\"completed\":true}" source=console
time="2026-06-14T13:05:24-05:00" level=info msg="TRACE|{\"scenario\":\"CARGA-1000\",\"checkoutId\":\"98b3b747-faa8-49f9-b5c9-2b56dd98c3e6\",\"status\":\"COMPLETED\",\"completed\":true}" source=console
time="2026-06-14T13:05:24-05:00" level=info msg="TRACE|{\"scenario\":\"CARGA-1000\",\"checkoutId\":\"143f4335-0131-46bf-b725-304d51263fb5\",\"status\":\"COMPLETED\",\"completed\":true}" source=console

running (0h07m39.0s), 50/50 VUs, 895 complete and 0 interrupted iterations
checkout_load   [  90% ] 50 VUs  0h07m38.7s/1h30m0s  0895/1000 shared iters
time="2026-06-14T13:05:25-05:00" level=info msg="TRACE|{\"scenario\":\"CARGA-1000\",\"checkoutId\":\"a49d0aff-3ff5-4cc6-a51c-d7bf52ba5a0a\",\"status\":\"COMPLETED\",\"completed\":true}" source=console
time="2026-06-14T13:05:25-05:00" level=info msg="TRACE|{\"scenario\":\"CARGA-1000\",\"checkoutId\":\"b219cc20-6bdd-4335-8d9b-890d904bde0b\",\"status\":\"COMPLETED\",\"completed\":true}" source=console

running (0h07m40.0s), 50/50 VUs, 897 complete and 0 interrupted iterations
checkout_load   [  90% ] 50 VUs  0h07m39.7s/1h30m0s  0897/1000 shared iters
time="2026-06-14T13:05:26-05:00" level=info msg="TRACE|{\"scenario\":\"CARGA-1000\",\"checkoutId\":\"128835b7-322c-4c1a-b9fa-f33adf69e3a7\",\"status\":\"COMPLETED\",\"completed\":true}" source=console
time="2026-06-14T13:05:27-05:00" level=info msg="TRACE|{\"scenario\":\"CARGA-1000\",\"checkoutId\":\"780d55ef-8f81-49f8-84d2-d77b7b065035\",\"status\":\"COMPLETED\",\"completed\":true}" source=console

running (0h07m41.0s), 50/50 VUs, 899 complete and 0 interrupted iterations
checkout_load   [  90% ] 50 VUs  0h07m40.7s/1h30m0s  0899/1000 shared iters

running (0h07m42.0s), 50/50 VUs, 899 complete and 0 interrupted iterations
checkout_load   [  90% ] 50 VUs  0h07m41.7s/1h30m0s  0899/1000 shared iters
time="2026-06-14T13:05:28-05:00" level=info msg="TRACE|{\"scenario\":\"CARGA-1000\",\"checkoutId\":\"a69e029f-bf2c-496a-936f-003c1bd4ab3c\",\"status\":\"COMPLETED\",\"completed\":true}" source=console
time="2026-06-14T13:05:28-05:00" level=info msg="TRACE|{\"scenario\":\"CARGA-1000\",\"checkoutId\":\"7351e27b-bdee-4c30-ba1a-ceff22d0a8f0\",\"status\":\"COMPLETED\",\"completed\":true}" source=console

running (0h07m43.0s), 50/50 VUs, 901 complete and 0 interrupted iterations
checkout_load   [  90% ] 50 VUs  0h07m42.7s/1h30m0s  0901/1000 shared iters
time="2026-06-14T13:05:29-05:00" level=info msg="TRACE|{\"scenario\":\"CARGA-1000\",\"checkoutId\":\"3f60574d-959b-4f3a-badb-f06559e6d546\",\"status\":\"COMPLETED\",\"completed\":true}" source=console
time="2026-06-14T13:05:29-05:00" level=info msg="TRACE|{\"scenario\":\"CARGA-1000\",\"checkoutId\":\"c7ba026c-0ad3-43f8-b3a7-85ecd1414445\",\"status\":\"COMPLETED\",\"completed\":true}" source=console
time="2026-06-14T13:05:29-05:00" level=info msg="TRACE|{\"scenario\":\"CARGA-1000\",\"checkoutId\":\"ff5c81b5-dce0-4866-a48e-fb578937a80b\",\"status\":\"COMPLETED\",\"completed\":true}" source=console
time="2026-06-14T13:05:29-05:00" level=info msg="TRACE|{\"scenario\":\"CARGA-1000\",\"checkoutId\":\"7fbacfdd-0f39-4fb2-84f9-3f2fd27f3c7a\",\"status\":\"COMPLETED\",\"completed\":true}" source=console

running (0h07m44.0s), 50/50 VUs, 905 complete and 0 interrupted iterations
checkout_load   [  90% ] 50 VUs  0h07m43.7s/1h30m0s  0905/1000 shared iters

running (0h07m45.0s), 50/50 VUs, 905 complete and 0 interrupted iterations
checkout_load   [  90% ] 50 VUs  0h07m44.7s/1h30m0s  0905/1000 shared iters
time="2026-06-14T13:05:31-05:00" level=info msg="TRACE|{\"scenario\":\"CARGA-1000\",\"checkoutId\":\"fda46f5e-ba94-40f5-861d-d76c3ec405c2\",\"status\":\"COMPLETED\",\"completed\":true}" source=console
time="2026-06-14T13:05:31-05:00" level=info msg="TRACE|{\"scenario\":\"CARGA-1000\",\"checkoutId\":\"57dbd868-f2b5-4973-be45-1bf9f3793340\",\"status\":\"COMPLETED\",\"completed\":true}" source=console
time="2026-06-14T13:05:31-05:00" level=info msg="TRACE|{\"scenario\":\"CARGA-1000\",\"checkoutId\":\"511bfd1a-a12e-479e-9d93-4ec7d992b61a\",\"status\":\"COMPLETED\",\"completed\":true}" source=console

running (0h07m46.0s), 50/50 VUs, 908 complete and 0 interrupted iterations
checkout_load   [  91% ] 50 VUs  0h07m45.7s/1h30m0s  0908/1000 shared iters
time="2026-06-14T13:05:32-05:00" level=info msg="TRACE|{\"scenario\":\"CARGA-1000\",\"checkoutId\":\"e005bcda-b913-467e-96ba-9695501b8331\",\"status\":\"COMPLETED\",\"completed\":true}" source=console

running (0h07m47.0s), 50/50 VUs, 909 complete and 0 interrupted iterations
checkout_load   [  91% ] 50 VUs  0h07m46.7s/1h30m0s  0909/1000 shared iters
time="2026-06-14T13:05:33-05:00" level=info msg="TRACE|{\"scenario\":\"CARGA-1000\",\"checkoutId\":\"844b4106-2cf5-4d24-ad27-bc46ccb2723e\",\"status\":\"COMPLETED\",\"completed\":true}" source=console
time="2026-06-14T13:05:33-05:00" level=info msg="TRACE|{\"scenario\":\"CARGA-1000\",\"checkoutId\":\"9e976665-b2fe-4e55-bb44-bc815b3e8ac3\",\"status\":\"COMPLETED\",\"completed\":true}" source=console
time="2026-06-14T13:05:33-05:00" level=info msg="TRACE|{\"scenario\":\"CARGA-1000\",\"checkoutId\":\"a8db969b-fc5f-405f-ae4f-e80d597d7fbf\",\"status\":\"COMPLETED\",\"completed\":true}" source=console

running (0h07m48.0s), 50/50 VUs, 912 complete and 0 interrupted iterations
checkout_load   [  91% ] 50 VUs  0h07m47.7s/1h30m0s  0912/1000 shared iters
time="2026-06-14T13:05:34-05:00" level=info msg="TRACE|{\"scenario\":\"CARGA-1000\",\"checkoutId\":\"db01e510-f6e3-4813-a6b3-6e99433beca7\",\"status\":\"COMPLETED\",\"completed\":true}" source=console
time="2026-06-14T13:05:34-05:00" level=info msg="TRACE|{\"scenario\":\"CARGA-1000\",\"checkoutId\":\"f4d76c72-48ff-4130-84db-248d028bbc4b\",\"status\":\"COMPLETED\",\"completed\":true}" source=console
time="2026-06-14T13:05:34-05:00" level=info msg="TRACE|{\"scenario\":\"CARGA-1000\",\"checkoutId\":\"bd7dbd2d-58f2-4c66-b2b5-2e2f3feba0b5\",\"status\":\"COMPLETED\",\"completed\":true}" source=console

running (0h07m49.0s), 50/50 VUs, 915 complete and 0 interrupted iterations
checkout_load   [  92% ] 50 VUs  0h07m48.7s/1h30m0s  0915/1000 shared iters

running (0h07m50.0s), 50/50 VUs, 915 complete and 0 interrupted iterations
checkout_load   [  92% ] 50 VUs  0h07m49.7s/1h30m0s  0915/1000 shared iters
time="2026-06-14T13:05:36-05:00" level=info msg="TRACE|{\"scenario\":\"CARGA-1000\",\"checkoutId\":\"fb9b1cd1-4ca2-4034-8d63-fd1f1caa260f\",\"status\":\"COMPLETED\",\"completed\":true}" source=console
time="2026-06-14T13:05:36-05:00" level=info msg="TRACE|{\"scenario\":\"CARGA-1000\",\"checkoutId\":\"a5be0789-7ad5-4ddb-99ae-57f6951d6900\",\"status\":\"COMPLETED\",\"completed\":true}" source=console
time="2026-06-14T13:05:36-05:00" level=info msg="TRACE|{\"scenario\":\"CARGA-1000\",\"checkoutId\":\"786bf9f8-7606-463b-b9b7-db963e8da864\",\"status\":\"COMPLETED\",\"completed\":true}" source=console

running (0h07m51.0s), 50/50 VUs, 918 complete and 0 interrupted iterations
checkout_load   [  92% ] 50 VUs  0h07m50.7s/1h30m0s  0918/1000 shared iters
time="2026-06-14T13:05:37-05:00" level=info msg="TRACE|{\"scenario\":\"CARGA-1000\",\"checkoutId\":\"1505aa93-beb6-466d-bc39-7abca9f3b357\",\"status\":\"COMPLETED\",\"completed\":true}" source=console
time="2026-06-14T13:05:37-05:00" level=info msg="TRACE|{\"scenario\":\"CARGA-1000\",\"checkoutId\":\"ab844316-e964-4958-8c65-255d21277f6d\",\"status\":\"COMPLETED\",\"completed\":true}" source=console
time="2026-06-14T13:05:38-05:00" level=info msg="TRACE|{\"scenario\":\"CARGA-1000\",\"checkoutId\":\"40dfbec6-bcbb-4b1e-bea3-45787708e6d6\",\"status\":\"COMPLETED\",\"completed\":true}" source=console

running (0h07m52.0s), 50/50 VUs, 921 complete and 0 interrupted iterations
checkout_load   [  92% ] 50 VUs  0h07m51.7s/1h30m0s  0921/1000 shared iters
time="2026-06-14T13:05:39-05:00" level=info msg="TRACE|{\"scenario\":\"CARGA-1000\",\"checkoutId\":\"ebb6c9d6-8b3f-4245-95e5-152c46edf721\",\"status\":\"COMPLETED\",\"completed\":true}" source=console

running (0h07m53.0s), 50/50 VUs, 922 complete and 0 interrupted iterations
checkout_load   [  92% ] 50 VUs  0h07m52.7s/1h30m0s  0922/1000 shared iters
time="2026-06-14T13:05:39-05:00" level=info msg="TRACE|{\"scenario\":\"CARGA-1000\",\"checkoutId\":\"48e34c93-30e6-4e70-bd98-90f4a0d0529e\",\"status\":\"COMPLETED\",\"completed\":true}" source=console

running (0h07m54.0s), 50/50 VUs, 923 complete and 0 interrupted iterations
checkout_load   [  92% ] 50 VUs  0h07m53.7s/1h30m0s  0923/1000 shared iters
time="2026-06-14T13:05:40-05:00" level=info msg="TRACE|{\"scenario\":\"CARGA-1000\",\"checkoutId\":\"5897fbee-d293-45bb-adaf-57debc3eef39\",\"status\":\"COMPLETED\",\"completed\":true}" source=console
time="2026-06-14T13:05:40-05:00" level=info msg="TRACE|{\"scenario\":\"CARGA-1000\",\"checkoutId\":\"2a18e99e-ea71-4880-a00b-672ad9138747\",\"status\":\"COMPLETED\",\"completed\":true}" source=console

running (0h07m55.0s), 50/50 VUs, 925 complete and 0 interrupted iterations
checkout_load   [  92% ] 50 VUs  0h07m54.7s/1h30m0s  0925/1000 shared iters
time="2026-06-14T13:05:41-05:00" level=info msg="TRACE|{\"scenario\":\"CARGA-1000\",\"checkoutId\":\"f9829bda-53cc-495f-8975-8b3d68987223\",\"status\":\"COMPLETED\",\"completed\":true}" source=console
time="2026-06-14T13:05:41-05:00" level=info msg="TRACE|{\"scenario\":\"CARGA-1000\",\"checkoutId\":\"1e08758d-eb8c-42e1-9284-f0340df770f7\",\"status\":\"COMPLETED\",\"completed\":true}" source=console

running (0h07m56.0s), 50/50 VUs, 927 complete and 0 interrupted iterations
checkout_load   [  93% ] 50 VUs  0h07m55.7s/1h30m0s  0927/1000 shared iters
time="2026-06-14T13:05:42-05:00" level=info msg="TRACE|{\"scenario\":\"CARGA-1000\",\"checkoutId\":\"4567c580-bbe9-47ab-a05d-7255a7310f6a\",\"status\":\"COMPLETED\",\"completed\":true}" source=console
time="2026-06-14T13:05:42-05:00" level=info msg="TRACE|{\"scenario\":\"CARGA-1000\",\"checkoutId\":\"eae73bd8-a808-4e48-9ca6-be281f04ea0f\",\"status\":\"COMPLETED\",\"completed\":true}" source=console
time="2026-06-14T13:05:42-05:00" level=info msg="TRACE|{\"scenario\":\"CARGA-1000\",\"checkoutId\":\"452068c5-802a-42d1-83cd-d531acccd7e1\",\"status\":\"COMPLETED\",\"completed\":true}" source=console

running (0h07m57.0s), 50/50 VUs, 930 complete and 0 interrupted iterations
checkout_load   [  93% ] 50 VUs  0h07m56.7s/1h30m0s  0930/1000 shared iters
time="2026-06-14T13:05:43-05:00" level=info msg="TRACE|{\"scenario\":\"CARGA-1000\",\"checkoutId\":\"07e9c605-5d8f-49cf-8b9f-d9200743f55e\",\"status\":\"COMPLETED\",\"completed\":true}" source=console
time="2026-06-14T13:05:44-05:00" level=info msg="TRACE|{\"scenario\":\"CARGA-1000\",\"checkoutId\":\"6f75cfbb-d5b9-4c92-824f-47c894e7c25c\",\"status\":\"COMPLETED\",\"completed\":true}" source=console

running (0h07m58.0s), 50/50 VUs, 932 complete and 0 interrupted iterations
checkout_load   [  93% ] 50 VUs  0h07m57.7s/1h30m0s  0932/1000 shared iters
time="2026-06-14T13:05:44-05:00" level=info msg="TRACE|{\"scenario\":\"CARGA-1000\",\"checkoutId\":\"5ffc0ecb-64ef-423c-a74d-e888c8ec797e\",\"status\":\"COMPLETED\",\"completed\":true}" source=console
time="2026-06-14T13:05:44-05:00" level=info msg="TRACE|{\"scenario\":\"CARGA-1000\",\"checkoutId\":\"767cdd08-294a-4890-ab28-16888e9c7b3b\",\"status\":\"COMPLETED\",\"completed\":true}" source=console

running (0h07m59.0s), 50/50 VUs, 934 complete and 0 interrupted iterations
checkout_load   [  93% ] 50 VUs  0h07m58.7s/1h30m0s  0934/1000 shared iters
time="2026-06-14T13:05:45-05:00" level=info msg="TRACE|{\"scenario\":\"CARGA-1000\",\"checkoutId\":\"9fadbb3d-dcf2-4ac2-a7c9-80f40cc2a9ae\",\"status\":\"COMPLETED\",\"completed\":true}" source=console
time="2026-06-14T13:05:46-05:00" level=info msg="TRACE|{\"scenario\":\"CARGA-1000\",\"checkoutId\":\"e173f778-77c5-4536-82ff-ef9b55df1709\",\"status\":\"COMPLETED\",\"completed\":true}" source=console

running (0h08m00.0s), 50/50 VUs, 936 complete and 0 interrupted iterations
checkout_load   [  94% ] 50 VUs  0h07m59.7s/1h30m0s  0936/1000 shared iters
time="2026-06-14T13:05:46-05:00" level=info msg="TRACE|{\"scenario\":\"CARGA-1000\",\"checkoutId\":\"69ed8639-c33e-4b71-9623-814bb8ac1d03\",\"status\":\"COMPLETED\",\"completed\":true}" source=console

running (0h08m01.0s), 50/50 VUs, 937 complete and 0 interrupted iterations
checkout_load   [  94% ] 50 VUs  0h08m00.7s/1h30m0s  0937/1000 shared iters
time="2026-06-14T13:05:47-05:00" level=info msg="TRACE|{\"scenario\":\"CARGA-1000\",\"checkoutId\":\"83ee823c-de95-46c3-ab17-ad14ff4b85bd\",\"status\":\"COMPLETED\",\"completed\":true}" source=console
time="2026-06-14T13:05:47-05:00" level=info msg="TRACE|{\"scenario\":\"CARGA-1000\",\"checkoutId\":\"66be77bb-a77a-47c7-97e7-bc141d9a9765\",\"status\":\"COMPLETED\",\"completed\":true}" source=console

running (0h08m02.0s), 50/50 VUs, 939 complete and 0 interrupted iterations
checkout_load   [  94% ] 50 VUs  0h08m01.7s/1h30m0s  0939/1000 shared iters
time="2026-06-14T13:05:48-05:00" level=info msg="TRACE|{\"scenario\":\"CARGA-1000\",\"checkoutId\":\"376b69e2-94bf-4318-8269-c47b1704e100\",\"status\":\"COMPLETED\",\"completed\":true}" source=console
time="2026-06-14T13:05:49-05:00" level=info msg="TRACE|{\"scenario\":\"CARGA-1000\",\"checkoutId\":\"1dbd37c9-a4e9-4255-8a4c-98db5c360cd5\",\"status\":\"COMPLETED\",\"completed\":true}" source=console

running (0h08m03.0s), 50/50 VUs, 941 complete and 0 interrupted iterations
checkout_load   [  94% ] 50 VUs  0h08m02.7s/1h30m0s  0941/1000 shared iters
time="2026-06-14T13:05:49-05:00" level=info msg="TRACE|{\"scenario\":\"CARGA-1000\",\"checkoutId\":\"4d544763-8e36-4147-83fc-081c1cd1fd42\",\"status\":\"COMPLETED\",\"completed\":true}" source=console
time="2026-06-14T13:05:49-05:00" level=info msg="TRACE|{\"scenario\":\"CARGA-1000\",\"checkoutId\":\"359ed20f-7b44-4835-b33d-af442dc49828\",\"status\":\"COMPLETED\",\"completed\":true}" source=console

running (0h08m04.0s), 50/50 VUs, 943 complete and 0 interrupted iterations
checkout_load   [  94% ] 50 VUs  0h08m03.7s/1h30m0s  0943/1000 shared iters
time="2026-06-14T13:05:50-05:00" level=info msg="TRACE|{\"scenario\":\"CARGA-1000\",\"checkoutId\":\"dc971a34-ce35-4abd-8a57-4070e8d1b2d7\",\"status\":\"COMPLETED\",\"completed\":true}" source=console
time="2026-06-14T13:05:50-05:00" level=info msg="TRACE|{\"scenario\":\"CARGA-1000\",\"checkoutId\":\"ed73c401-6f4f-4704-9301-041927fdcc6f\",\"status\":\"COMPLETED\",\"completed\":true}" source=console

running (0h08m05.0s), 50/50 VUs, 945 complete and 0 interrupted iterations
checkout_load   [  94% ] 50 VUs  0h08m04.7s/1h30m0s  0945/1000 shared iters
time="2026-06-14T13:05:51-05:00" level=info msg="TRACE|{\"scenario\":\"CARGA-1000\",\"checkoutId\":\"ea27d1c7-7561-45a5-bc09-0c1b232d350d\",\"status\":\"COMPLETED\",\"completed\":true}" source=console
time="2026-06-14T13:05:51-05:00" level=info msg="TRACE|{\"scenario\":\"CARGA-1000\",\"checkoutId\":\"700f6672-beca-4722-bcc0-643468646272\",\"status\":\"COMPLETED\",\"completed\":true}" source=console

running (0h08m06.0s), 50/50 VUs, 947 complete and 0 interrupted iterations
checkout_load   [  95% ] 50 VUs  0h08m05.7s/1h30m0s  0947/1000 shared iters
time="2026-06-14T13:05:52-05:00" level=info msg="TRACE|{\"scenario\":\"CARGA-1000\",\"checkoutId\":\"1fc6b3cb-80ca-4d12-85da-438d2a1880e1\",\"status\":\"COMPLETED\",\"completed\":true}" source=console
time="2026-06-14T13:05:52-05:00" level=info msg="TRACE|{\"scenario\":\"CARGA-1000\",\"checkoutId\":\"84c6a922-61e2-4670-95ec-f0149318e489\",\"status\":\"COMPLETED\",\"completed\":true}" source=console
time="2026-06-14T13:05:52-05:00" level=info msg="TRACE|{\"scenario\":\"CARGA-1000\",\"checkoutId\":\"c750062d-04ba-4d6a-a407-9130122ef5d0\",\"status\":\"COMPLETED\",\"completed\":true}" source=console

running (0h08m07.0s), 50/50 VUs, 950 complete and 0 interrupted iterations
checkout_load   [  95% ] 50 VUs  0h08m06.7s/1h30m0s  0950/1000 shared iters
time="2026-06-14T13:05:53-05:00" level=info msg="TRACE|{\"scenario\":\"CARGA-1000\",\"checkoutId\":\"1a3e2f40-0164-43d7-8aa0-06d8afa3e62b\",\"status\":\"COMPLETED\",\"completed\":true}" source=console
time="2026-06-14T13:05:53-05:00" level=info msg="TRACE|{\"scenario\":\"CARGA-1000\",\"checkoutId\":\"f9433ec9-bcbb-4c3a-b70e-787dc9ab8348\",\"status\":\"COMPLETED\",\"completed\":true}" source=console

running (0h08m08.0s), 48/50 VUs, 952 complete and 0 interrupted iterations
checkout_load   [  95% ] 50 VUs  0h08m07.7s/1h30m0s  0952/1000 shared iters
time="2026-06-14T13:05:54-05:00" level=info msg="TRACE|{\"scenario\":\"CARGA-1000\",\"checkoutId\":\"65e09608-87d2-464b-bfa9-95234999b954\",\"status\":\"COMPLETED\",\"completed\":true}" source=console
time="2026-06-14T13:05:55-05:00" level=info msg="TRACE|{\"scenario\":\"CARGA-1000\",\"checkoutId\":\"c3dc9d85-6d92-42c3-8e6c-59e672be1ef0\",\"status\":\"COMPLETED\",\"completed\":true}" source=console

running (0h08m09.0s), 46/50 VUs, 954 complete and 0 interrupted iterations
checkout_load   [  95% ] 50 VUs  0h08m08.7s/1h30m0s  0954/1000 shared iters
time="2026-06-14T13:05:55-05:00" level=info msg="TRACE|{\"scenario\":\"CARGA-1000\",\"checkoutId\":\"fa993b31-bfcd-4ca1-ab96-8833585c3067\",\"status\":\"COMPLETED\",\"completed\":true}" source=console

running (0h08m10.0s), 45/50 VUs, 955 complete and 0 interrupted iterations
checkout_load   [  96% ] 50 VUs  0h08m09.7s/1h30m0s  0955/1000 shared iters
time="2026-06-14T13:05:56-05:00" level=info msg="TRACE|{\"scenario\":\"CARGA-1000\",\"checkoutId\":\"657485d3-09dd-464d-be61-4faf28d402ab\",\"status\":\"COMPLETED\",\"completed\":true}" source=console
time="2026-06-14T13:05:56-05:00" level=info msg="TRACE|{\"scenario\":\"CARGA-1000\",\"checkoutId\":\"00d9c2f9-717f-41e2-954d-2276f0cc657f\",\"status\":\"COMPLETED\",\"completed\":true}" source=console

running (0h08m11.0s), 43/50 VUs, 957 complete and 0 interrupted iterations
checkout_load   [  96% ] 50 VUs  0h08m10.7s/1h30m0s  0957/1000 shared iters
time="2026-06-14T13:05:57-05:00" level=info msg="TRACE|{\"scenario\":\"CARGA-1000\",\"checkoutId\":\"61b3b32b-cfb9-4b9a-80b0-c36a8167d4c0\",\"status\":\"COMPLETED\",\"completed\":true}" source=console

running (0h08m12.0s), 42/50 VUs, 958 complete and 0 interrupted iterations
checkout_load   [  96% ] 50 VUs  0h08m11.7s/1h30m0s  0958/1000 shared iters
time="2026-06-14T13:05:58-05:00" level=info msg="TRACE|{\"scenario\":\"CARGA-1000\",\"checkoutId\":\"9cad2f64-0947-4396-850b-3c4af5900426\",\"status\":\"COMPLETED\",\"completed\":true}" source=console
time="2026-06-14T13:05:58-05:00" level=info msg="TRACE|{\"scenario\":\"CARGA-1000\",\"checkoutId\":\"08853692-bcc1-467e-b74f-13e3cdecf9a3\",\"status\":\"COMPLETED\",\"completed\":true}" source=console

running (0h08m13.0s), 40/50 VUs, 960 complete and 0 interrupted iterations
checkout_load   [  96% ] 50 VUs  0h08m12.7s/1h30m0s  0960/1000 shared iters
time="2026-06-14T13:05:59-05:00" level=info msg="TRACE|{\"scenario\":\"CARGA-1000\",\"checkoutId\":\"47db2649-4afe-4e04-b214-685651171763\",\"status\":\"COMPLETED\",\"completed\":true}" source=console
time="2026-06-14T13:05:59-05:00" level=info msg="TRACE|{\"scenario\":\"CARGA-1000\",\"checkoutId\":\"6194fa04-dba5-4914-aa7e-8993b4530a09\",\"status\":\"COMPLETED\",\"completed\":true}" source=console

running (0h08m14.0s), 38/50 VUs, 962 complete and 0 interrupted iterations
checkout_load   [  96% ] 50 VUs  0h08m13.7s/1h30m0s  0962/1000 shared iters
time="2026-06-14T13:06:00-05:00" level=info msg="TRACE|{\"scenario\":\"CARGA-1000\",\"checkoutId\":\"e7677dd5-80ee-41a8-84ab-af806ca5d9d8\",\"status\":\"COMPLETED\",\"completed\":true}" source=console
time="2026-06-14T13:06:00-05:00" level=info msg="TRACE|{\"scenario\":\"CARGA-1000\",\"checkoutId\":\"32cc6288-f4ce-4325-b44f-1a198412896f\",\"status\":\"COMPLETED\",\"completed\":true}" source=console
time="2026-06-14T13:06:00-05:00" level=info msg="TRACE|{\"scenario\":\"CARGA-1000\",\"checkoutId\":\"ce00f444-f949-47ef-b18e-88bb6ed27129\",\"status\":\"COMPLETED\",\"completed\":true}" source=console

running (0h08m15.0s), 35/50 VUs, 965 complete and 0 interrupted iterations
checkout_load   [  96% ] 50 VUs  0h08m14.7s/1h30m0s  0965/1000 shared iters
time="2026-06-14T13:06:01-05:00" level=info msg="TRACE|{\"scenario\":\"CARGA-1000\",\"checkoutId\":\"e29914dc-2a40-4fc6-9de8-c0a0fce7c489\",\"status\":\"COMPLETED\",\"completed\":true}" source=console
time="2026-06-14T13:06:01-05:00" level=info msg="TRACE|{\"scenario\":\"CARGA-1000\",\"checkoutId\":\"6e724a03-ecfc-4073-b6ba-61cf0aed0c3b\",\"status\":\"COMPLETED\",\"completed\":true}" source=console

running (0h08m16.0s), 33/50 VUs, 967 complete and 0 interrupted iterations
checkout_load   [  97% ] 50 VUs  0h08m15.7s/1h30m0s  0967/1000 shared iters
time="2026-06-14T13:06:02-05:00" level=info msg="TRACE|{\"scenario\":\"CARGA-1000\",\"checkoutId\":\"c1332d02-5f44-4182-ac0a-3b9350a14736\",\"status\":\"COMPLETED\",\"completed\":true}" source=console
time="2026-06-14T13:06:02-05:00" level=info msg="TRACE|{\"scenario\":\"CARGA-1000\",\"checkoutId\":\"42d4a917-60e9-4a13-89b0-cc726a0cbce3\",\"status\":\"COMPLETED\",\"completed\":true}" source=console

running (0h08m17.0s), 31/50 VUs, 969 complete and 0 interrupted iterations
checkout_load   [  97% ] 50 VUs  0h08m16.7s/1h30m0s  0969/1000 shared iters
time="2026-06-14T13:06:03-05:00" level=info msg="TRACE|{\"scenario\":\"CARGA-1000\",\"checkoutId\":\"3e3b1c34-050b-4081-9e0d-7ce895685cd9\",\"status\":\"COMPLETED\",\"completed\":true}" source=console
time="2026-06-14T13:06:03-05:00" level=info msg="TRACE|{\"scenario\":\"CARGA-1000\",\"checkoutId\":\"01b82911-be20-40e1-9a63-a7ba7326ca1d\",\"status\":\"COMPLETED\",\"completed\":true}" source=console

running (0h08m18.0s), 29/50 VUs, 971 complete and 0 interrupted iterations
checkout_load   [  97% ] 50 VUs  0h08m17.7s/1h30m0s  0971/1000 shared iters
time="2026-06-14T13:06:04-05:00" level=info msg="TRACE|{\"scenario\":\"CARGA-1000\",\"checkoutId\":\"c6873acd-00ec-422a-9370-85fb0c47b8cc\",\"status\":\"COMPLETED\",\"completed\":true}" source=console
time="2026-06-14T13:06:04-05:00" level=info msg="TRACE|{\"scenario\":\"CARGA-1000\",\"checkoutId\":\"543f4152-a396-4400-a174-707f7b094c6b\",\"status\":\"COMPLETED\",\"completed\":true}" source=console
time="2026-06-14T13:06:04-05:00" level=info msg="TRACE|{\"scenario\":\"CARGA-1000\",\"checkoutId\":\"f976f075-2acf-4044-a8fc-c6f5290b9b34\",\"status\":\"COMPLETED\",\"completed\":true}" source=console

running (0h08m19.0s), 26/50 VUs, 974 complete and 0 interrupted iterations
checkout_load   [  97% ] 50 VUs  0h08m18.7s/1h30m0s  0974/1000 shared iters

running (0h08m20.0s), 26/50 VUs, 974 complete and 0 interrupted iterations
checkout_load   [  97% ] 50 VUs  0h08m19.7s/1h30m0s  0974/1000 shared iters
time="2026-06-14T13:06:06-05:00" level=info msg="TRACE|{\"scenario\":\"CARGA-1000\",\"checkoutId\":\"32c8e40c-0a1d-4d65-9eee-877b5600e5f1\",\"status\":\"COMPLETED\",\"completed\":true}" source=console
time="2026-06-14T13:06:06-05:00" level=info msg="TRACE|{\"scenario\":\"CARGA-1000\",\"checkoutId\":\"f69b23a0-f88b-4457-bc15-12e41c41275d\",\"status\":\"COMPLETED\",\"completed\":true}" source=console
time="2026-06-14T13:06:06-05:00" level=info msg="TRACE|{\"scenario\":\"CARGA-1000\",\"checkoutId\":\"b957292f-0bba-460e-8dde-132ffb46e210\",\"status\":\"COMPLETED\",\"completed\":true}" source=console

running (0h08m21.0s), 23/50 VUs, 977 complete and 0 interrupted iterations
checkout_load   [  98% ] 50 VUs  0h08m20.7s/1h30m0s  0977/1000 shared iters
time="2026-06-14T13:06:07-05:00" level=info msg="TRACE|{\"scenario\":\"CARGA-1000\",\"checkoutId\":\"d81b7dc8-d523-4c04-a02c-577413a29638\",\"status\":\"COMPLETED\",\"completed\":true}" source=console

running (0h08m22.0s), 22/50 VUs, 978 complete and 0 interrupted iterations
checkout_load   [  98% ] 50 VUs  0h08m21.7s/1h30m0s  0978/1000 shared iters
time="2026-06-14T13:06:08-05:00" level=info msg="TRACE|{\"scenario\":\"CARGA-1000\",\"checkoutId\":\"b4be0bff-3f0e-4286-843e-1d191d0467bf\",\"status\":\"COMPLETED\",\"completed\":true}" source=console
time="2026-06-14T13:06:08-05:00" level=info msg="TRACE|{\"scenario\":\"CARGA-1000\",\"checkoutId\":\"0c9b3bd8-5b05-4815-8741-2003ae561d16\",\"status\":\"COMPLETED\",\"completed\":true}" source=console
time="2026-06-14T13:06:08-05:00" level=info msg="TRACE|{\"scenario\":\"CARGA-1000\",\"checkoutId\":\"fd5e47d6-410c-4566-a9c7-8abfbea5116f\",\"status\":\"COMPLETED\",\"completed\":true}" source=console

running (0h08m23.0s), 19/50 VUs, 981 complete and 0 interrupted iterations
checkout_load   [  98% ] 50 VUs  0h08m22.7s/1h30m0s  0981/1000 shared iters
time="2026-06-14T13:06:09-05:00" level=info msg="TRACE|{\"scenario\":\"CARGA-1000\",\"checkoutId\":\"7f51d9be-0bd1-44ab-b6a2-246fc5d64473\",\"status\":\"COMPLETED\",\"completed\":true}" source=console

running (0h08m24.0s), 18/50 VUs, 982 complete and 0 interrupted iterations
checkout_load   [  98% ] 50 VUs  0h08m23.7s/1h30m0s  0982/1000 shared iters
time="2026-06-14T13:06:10-05:00" level=info msg="TRACE|{\"scenario\":\"CARGA-1000\",\"checkoutId\":\"089fee2d-f94c-4fa8-b9b8-69644437eec4\",\"status\":\"COMPLETED\",\"completed\":true}" source=console
time="2026-06-14T13:06:10-05:00" level=info msg="TRACE|{\"scenario\":\"CARGA-1000\",\"checkoutId\":\"be55cf4b-9601-4598-ae75-5d415412f73c\",\"status\":\"COMPLETED\",\"completed\":true}" source=console
time="2026-06-14T13:06:10-05:00" level=info msg="TRACE|{\"scenario\":\"CARGA-1000\",\"checkoutId\":\"42b8c5da-dcd6-47d5-9f7c-ccbc46a10cf6\",\"status\":\"COMPLETED\",\"completed\":true}" source=console

running (0h08m25.0s), 15/50 VUs, 985 complete and 0 interrupted iterations
checkout_load   [  98% ] 50 VUs  0h08m24.7s/1h30m0s  0985/1000 shared iters
time="2026-06-14T13:06:11-05:00" level=info msg="TRACE|{\"scenario\":\"CARGA-1000\",\"checkoutId\":\"2ce47446-8bf5-438c-aee8-32de6d86a421\",\"status\":\"COMPLETED\",\"completed\":true}" source=console
time="2026-06-14T13:06:11-05:00" level=info msg="TRACE|{\"scenario\":\"CARGA-1000\",\"checkoutId\":\"3120d993-5f8a-4ac9-be88-9959d4c05d5f\",\"status\":\"COMPLETED\",\"completed\":true}" source=console
time="2026-06-14T13:06:12-05:00" level=info msg="TRACE|{\"scenario\":\"CARGA-1000\",\"checkoutId\":\"6d2809bf-7fa2-499b-b200-d84cb37f12bd\",\"status\":\"COMPLETED\",\"completed\":true}" source=console

running (0h08m26.0s), 12/50 VUs, 988 complete and 0 interrupted iterations
checkout_load   [  99% ] 50 VUs  0h08m25.7s/1h30m0s  0988/1000 shared iters
time="2026-06-14T13:06:12-05:00" level=info msg="TRACE|{\"scenario\":\"CARGA-1000\",\"checkoutId\":\"78f8c2da-c234-477e-b0ee-3b83a6841d2c\",\"status\":\"COMPLETED\",\"completed\":true}" source=console

running (0h08m27.0s), 11/50 VUs, 989 complete and 0 interrupted iterations
checkout_load   [  99% ] 50 VUs  0h08m26.7s/1h30m0s  0989/1000 shared iters
time="2026-06-14T13:06:13-05:00" level=info msg="TRACE|{\"scenario\":\"CARGA-1000\",\"checkoutId\":\"45dd38eb-0e1a-4988-8b74-6a013b37c08a\",\"status\":\"COMPLETED\",\"completed\":true}" source=console
time="2026-06-14T13:06:13-05:00" level=info msg="TRACE|{\"scenario\":\"CARGA-1000\",\"checkoutId\":\"91c11354-1e82-4de1-9883-bb42f6dcc11a\",\"status\":\"COMPLETED\",\"completed\":true}" source=console

running (0h08m28.0s), 09/50 VUs, 991 complete and 0 interrupted iterations
checkout_load   [  99% ] 50 VUs  0h08m27.7s/1h30m0s  0991/1000 shared iters
time="2026-06-14T13:06:14-05:00" level=info msg="TRACE|{\"scenario\":\"CARGA-1000\",\"checkoutId\":\"07faca7d-24ee-4ad8-8979-89f45b6651d4\",\"status\":\"COMPLETED\",\"completed\":true}" source=console
time="2026-06-14T13:06:14-05:00" level=info msg="TRACE|{\"scenario\":\"CARGA-1000\",\"checkoutId\":\"9277f510-9f39-411e-89ef-035679fcff56\",\"status\":\"COMPLETED\",\"completed\":true}" source=console

running (0h08m29.0s), 07/50 VUs, 993 complete and 0 interrupted iterations
checkout_load   [  99% ] 50 VUs  0h08m28.7s/1h30m0s  0993/1000 shared iters
time="2026-06-14T13:06:15-05:00" level=info msg="TRACE|{\"scenario\":\"CARGA-1000\",\"checkoutId\":\"16999faf-6bfe-40d3-98ca-2f0a52894d48\",\"status\":\"COMPLETED\",\"completed\":true}" source=console

running (0h08m30.0s), 06/50 VUs, 994 complete and 0 interrupted iterations
checkout_load   [  99% ] 50 VUs  0h08m29.7s/1h30m0s  0994/1000 shared iters
time="2026-06-14T13:06:16-05:00" level=info msg="TRACE|{\"scenario\":\"CARGA-1000\",\"checkoutId\":\"4c647613-674d-4b07-9370-1771f2652d1b\",\"status\":\"COMPLETED\",\"completed\":true}" source=console
time="2026-06-14T13:06:16-05:00" level=info msg="TRACE|{\"scenario\":\"CARGA-1000\",\"checkoutId\":\"649246c6-fece-489c-be8e-b4107d8f683c\",\"status\":\"COMPLETED\",\"completed\":true}" source=console

running (0h08m31.0s), 04/50 VUs, 996 complete and 0 interrupted iterations
checkout_load   [ 100% ] 50 VUs  0h08m30.7s/1h30m0s  0996/1000 shared iters
time="2026-06-14T13:06:17-05:00" level=info msg="TRACE|{\"scenario\":\"CARGA-1000\",\"checkoutId\":\"4d3b8626-7c38-4107-9638-4f17ff6a8907\",\"status\":\"COMPLETED\",\"completed\":true}" source=console
time="2026-06-14T13:06:17-05:00" level=info msg="TRACE|{\"scenario\":\"CARGA-1000\",\"checkoutId\":\"4b332dc8-d5e1-4a9d-bcbd-92392f977d45\",\"status\":\"COMPLETED\",\"completed\":true}" source=console

running (0h08m32.0s), 02/50 VUs, 998 complete and 0 interrupted iterations
checkout_load   [ 100% ] 50 VUs  0h08m31.7s/1h30m0s  0998/1000 shared iters
time="2026-06-14T13:06:18-05:00" level=info msg="TRACE|{\"scenario\":\"CARGA-1000\",\"checkoutId\":\"fadf75ea-d4b7-4dd2-8335-08673da56fbb\",\"status\":\"COMPLETED\",\"completed\":true}" source=console
time="2026-06-14T13:06:18-05:00" level=info msg="TRACE|{\"scenario\":\"CARGA-1000\",\"checkoutId\":\"1859c6e9-f04b-4776-a1b5-98252be2ff78\",\"status\":\"COMPLETED\",\"completed\":true}" source=console


  █ THRESHOLDS

    functional_checkout_error_rate
    ✓ 'rate<=0.05' rate=0.00%

    http_req_failed
    ✓ 'rate<=0.01' rate=0.00%


  █ TOTAL RESULTS

    checks_total.......: 27042   52.805168/s
    checks_succeeded...: 100.00% 27042 out of 27042
    checks_failed......: 0.00%   0 out of 27042

    ✓ setup register status 201
    ✓ setup products status 200
    ✓ register status 201
    ✓ products status 200
    ✓ cart add status 201
    ✓ checkout status 202
    ✓ checkout status poll 200

    CUSTOM
    checkout_final_latency_ms........: avg=24.98s   min=3.72s   med=25.53s  p(90)=25.79s  p(95)=25.89s   p(99)=27.42s  max=30.63s
    checkouts_attempted..............: 1000  1.952709/s
    checkouts_completed..............: 1000  1.952709/s
    functional_checkout_error_rate...: 0.00% 0 out of 1000

    HTTP
    http_req_duration................: avg=107.04ms min=79.19ms med=86.56ms p(90)=97.45ms p(95)=164.45ms p(99)=313.6ms max=5.2s
      { expected_response:true }.....: avg=107.04ms min=79.19ms med=86.56ms p(90)=97.45ms p(95)=164.45ms p(99)=313.6ms max=5.2s
    http_req_failed..................: 0.00% 0 out of 27042
    http_reqs........................: 27042 52.805168/s

    EXECUTION
    iteration_duration...............: avg=24.98s   min=3.72s   med=25.53s  p(90)=25.79s  p(95)=25.89s   p(99)=27.42s  max=30.63s
    iterations.......................: 1000  1.952709/s
    vus..............................: 2     min=2          max=50
    vus_max..........................: 50    min=50         max=50

    NETWORK
    data_received....................: 15 MB 30 kB/s
    data_sent........................: 13 MB 26 kB/s




running (0h08m32.1s), 00/50 VUs, 1000 complete and 0 interrupted iterations
checkout_load ✓ [ 100% ] 50 VUs  0h08m31.8s/1h30m0s  1000/1000 shared iters
